CRTS ID,RA (J2000),Dec (J2000),UT Date,Mag,CSS images,SDSS,Others,Followed,Last,LC,FC,Classification,SubClassification
SSS130705:211337-521505,318.40306,-52.25132,20130705,17.30,1307050511014102883,no,10288,no,2013-07-05,10288,yes,CV," mag 19,5     "
SSS130702:001450-083824,  3.71039, -8.63996,20130702,18.09,1307020090024114212,yes,11421,no,2013-07-02,11421,yes,HPM," SDSS mag 20,1    "
SSS130623:221034-223948,332.64277,-22.66323,20130623,17.00,1306230231544116063,no,11606,no,2013-06-23,11606,yes,SN, 2013cy (Monard)     
SSS130621:191833-521451,289.63564,-52.24745,20130621,17.94,1306210510924105112,no,10511,no,2013-06-21,10511,yes,SN," 2MASX_J191834 mag 16,2    "
SSS130621:213306-365342,323.27555,-36.89510,20130621,19.53,1306210371304117222,no,11722,no,2013-06-21,11722,yes,Unknown, mag 21     
SSS130616:203055-411703,307.72869,-41.28418,20130616,17.99,1306160411184110689,no,11068,no,2013-06-21,11068,yes,Blazar?," mag 20,5     "
SSS130616:130558-394513,196.49094,-39.75372,20130616,17.92,1306160390774114272,no,11427,no,2013-06-16,11427,yes,CV, >20      
SSS130608:110529-114703,166.36974,-11.78422,20130608,19.27,1306080110824103382,no,10338,no,2013-06-08,10338,yes,AGN?, mag >20     
SSS130603:144816-292834,222.06508,-29.47602,20130603,18.14,1306030290984119711,no,11971,no,2013-07-02,11971,yes,Unknown, mag >21     
SSS130531:144134-202020,220.38984,-20.33901,20130531,18.57,1305310211034136087,no,13608,no,2013-05-31,13608,yes,SN, (CSS130515) mag 21    
SSS130531:121323-163907,183.34504,-16.65201,20130531,17.14,1305310170884124039,no,12403,no,2013-07-01,12403,yes,Flare," mag 20,5     "
SSS130529:194602-494556,296.50862,-49.76548,20130529,15.45,1305290490994115113,no,11511,no,2013-07-03,11511,yes,HPM, 2MASS_J19460      
SSS130529:202733-480818,306.88708,-48.13843,20130529,17.05,1305290471064104271,no,10427,no,2013-07-03,10427,yes,CV?," mag >19,7     "
SSS130529:131740-300044,199.41516,-30.01210,20130529,13.70,1305290290884102556,no,10255,no,2013-07-01,10255,yes,CV?," mag 16,0     "
SSS130529:094048-052610,145.19825, -5.43613,20130529,18.70,1305290050734106863,no,10686,no,2013-05-29,10686,yes,SN, 2013bk      
SSS130520:151515-360919,228.81326,-36.15538,20130520,17.90,1305200350954106176,no,10617,no,2013-06-03,10617,yes,SN," mag 15,8     "
SSS130514:082144-534419,125.43441,-53.73867,20130514,17.83,1305140530384132818,no,13281,no,2013-05-14,13281,yes,Unknown," mag >21,5     "
SSS130514:094630-314043,146.62352,-31.67871,20130514,17.63,1305140310644116717,no,11671,no,2013-05-14,11671,yes,CV," mag >20,5     "
SSS130514:212502-214311,321.25808,-21.71969,20130514,15.90,1305140211504108212,no,10821,no,2013-05-14,10821,yes,CV," mag 19,3     "
SSS130514:131515-175756,198.81170,-17.96545,20130514,14.68,1305140170954102974,no,10297,no,2013-06-04,10297,yes,SN," (Howerton) mag 14,7    "
SSS130511:105904-245046,164.76468,-24.84614,20130511,19.38,1305110250754121504,no,12150,no,2013-06-21,12150,yes,CV?," mag 21,5     "
SSS130510:121651-365243,184.21087,-36.87871,20130510,17.15,1305100370744135312,no,13531,no,2013-05-10,13531,yes,CV, mag >21     
SSS130510:120632-370229,181.63174,-37.04127,20130510,14.70,1305100370734131585,no,13158,no,2013-05-10,13158,yes,CV," mag 19,0     "
SSS130510:131804-323245,199.51561,-32.54592,20130510,19.44,1305100330844137362,no,13736,no,2013-06-16,13736,yes,CV," mag 20,5     "
SSS130510:101409-270802,153.53950,-27.13401,20130510,19.78,1305100270694121866,no,12186,no,2013-05-10,12186,yes,Unknown,       
SSS130510:144418-201951,221.07305,-20.33095,20130510,16.61,1305100211044134866,no,13486,no,2013-07-05,13486,yes,HPM, 2MASSJ1444206      
SSS130510:165127-131809,252.86355,-13.30245,20130510,18.37,1305100131234127582,no,12758,no,2013-05-10,12758,yes,Unknown," mag >21,5     "
SSS130510:055938-123515, 89.90936,-12.58751,20130510,18.86,1305100130444129225,no,12922,no,2013-05-10,12922,yes,Unknown,       
SSS130506:110713-354522,166.80282,-35.75609,20130506,19.77,1305060350694112457,no,11245,no,2013-06-16,11245,yes,Unknown," mag >21,5     "
SSS130506:104817-300716,162.07065,-30.12099,20130506,12.14,1305060290724103247,no,10324,no,2013-06-16,10324,yes,HPM, LHS_2311      
SSS130504:150957-234859,227.48854,-23.81626,20130504,16.80,1305040231054109344,no,10934,no,2013-07-02,10934,yes,CV, mag 21     
SSS130504:122436-193917,186.15027,-19.65470,20130504,19.06,1305040190884107245,no,10724,no,2013-07-01,10724,yes,SN," mag 20,5     "
SSS130504:085948-153759,134.94831,-15.63307,20130504,16.62,1305040150664110213,no,11021,no,2013-06-11,11021,yes,CV?," mag 20,5     "
SSS130503:070131-603702,105.37771,-60.61736,20130503,16.75,1305030610264126933,no,12693,no,2013-05-03,12693,yes,CV," mag >20,5     "
SSS130503:194156-390107,295.48134,-39.01848,20130503,17.54,1305030391164131488,no,13148,no,2013-06-16,13148,yes,SN?, mag >21     
SSS130503:180501-025011,271.25364, -2.83640,20130503,15.28,1305030031354134163,no,13416,no,2013-05-03,13416,yes,YSO?, IRAS_18024-0250      
SSS130502:104813-395620,162.05491,-39.93886,20130502,13.94,1305020390644112977,no,11297,no,2013-05-02,11297,yes,HPM, 2MASSJ10481      
SSS130429:102922-172507,157.34251,-17.41869,20130429,19.61,1304290170764109429,no,10942,no,2013-07-02,10942,yes,SN?, mag 15     
SSS130426:114141-363544,175.42090,-36.59568,20130426,16.34,1304260370714127478,no,12747,no,2013-04-26,12747,yes,CV," mag 20,5     "
SSS130426:194049-302410,295.20515,-30.40272,20130426,18.13,1304260311284163451,no,16345,no,2013-04-26,16345,yes,CV," mag >20,5     "
SSS130426:193718-264744,294.32317,-26.79563,20130426,17.32,1304260271324159285,no,15928,no,2013-04-26,15928,yes,Flare, mag >20     
SSS130425:101307-135635,153.28090,-13.94308,20130425,17.76,1304250130754101612,no,10161,no,2013-05-31,10161,yes,HPM," 2MASS_J101307 17,7     "
SSS130422:141534-341340,213.89164,-34.22770,20130422,14.32,1304220330904101568,no,10156,no,2013-06-03,10156,yes,CV," mag 18,5     "
SSS130422:140756-332924,211.98156,-33.49012,20130422,17.11,1304220330894119134,no,11913,no,2013-06-03,11913,yes,SN," ESO_384-G057 mag 15,0    "
SSS130420:220815-314347,332.06359,-31.72961,20130420,19.16,1304200311434107271,no,10727,no,2013-04-20,10727,yes,Ast?,       
SSS130420:154045-185654,235.18556,-18.94826,20130420,16.87,1304200191124136025,no,13602,no,2013-07-03,13602,yes,CV," mag 21,5     "
SSS130418:063932-400836, 99.88347,-40.14324,20130418,16.86,1304180390404104481,no,10448,no,2013-04-18,10448,yes,CV, mag >20     
SSS130414:064103-134422,100.26244,-13.73946,20130414,16.54,1304140130494115965,no,11596,no,2013-04-14,11596,yes,CV?, mag >21     
SSS130413:094551-194402,146.46249,-19.73379,20130413,14.40,1304130190704108349,no,10834,no,2013-05-10,10834,yes,CV," (ecllipsing) mag 17,2    "
SSS130413:105335-173117,163.39648,-17.52150,20130413,18.31,1304130170794109373,no,10937,no,2013-07-02,10937,yes,SN/CV," mag 19,3     "
SSS130411:135449-310650,208.70251,-31.11383,20130411,18.68,1304110310904126537,no,12653,no,2013-06-03,12653,yes,CV?, mag >21     
SSS130410:122753-420437,186.97133,-42.07702,20130410,13.47,1304100410724109670,no,10967,no,2013-05-08,10967,yes,HPM, 2MASS_J122754      
SSS130409:130509-415545,196.28935,-41.92928,20130409,17.62,1304090410754113894,no,11389,no,2013-05-08,11389,yes,CV," mag >20,5     "
SSS130408:122745-454113,186.93842,-45.68706,20130408,14.67,1304080450674129235,no,12923,no,2013-05-06,12923,yes,HPM, 2MASS_J122746      
SSS130408:121439-460318,183.66256,-46.05495,20130408,13.68,1304080450664113813,no,11381,no,2013-05-06,11381,yes,HPM, 2MASS_J121440      
SSS130408:140704-115802,211.76793,-11.96717,20130408,19.60,1304080111044101697,yes,10169,no,2013-07-05,10169,yes,AGN," SDSS mag 21,0    "
SSS130407:213002-133012,322.50668,-13.50329,20130407,19.14,1304070131574108525,no,10852,no,2013-05-09,10852,yes,CV/SN, mag >21     
SSS130406:205932-184119,314.88225,-18.68869,20130406,19.02,1304060191494128055,no,12805,no,2013-06-08,12805,yes,SN/CV, mag >21     
SSS130404:145211-292707,223.04554,-29.45194,20130404,17.10,1304040290984119724,no,11972,no,2013-07-02,11972,yes,CV, mag >20     
SSS130404:083708-151017,129.28475,-15.17129,20130404,16.88,1304040150634125404,no,12540,no,2013-06-08,12540,yes,CV, mag > 20    
SSS130404:083026-152821,127.60683,-15.47253,20130404,19.21,1304040150624120204,no,12020,no,2013-06-08,12020,yes,SN?, mag >21     
SSS130404:102843-081927,157.17861, -8.32429,20130404,16.06,1304040090784123598,no,12359,no,2013-06-11,12359,yes,CV, (CSS090331) mag 18    
SSS130404:102545-092516,156.43745, -9.42118,20130404,18.94,1304040090774108114,no,10811,no,2013-06-11,10811,yes,CV, (CSS110311) mag >21    
SSS130404:102043-062657,155.17864, -6.44912,20130404,18.18,1304040070774119936,no,11993,no,2013-06-11,11993,yes,SN," 2013bg mag >21,5    "
SSS130402:061354-594205, 93.47548,-59.70139,20130402,15.78,1304020590254112649,no,11264,no,2013-05-03,11264,yes,LPV," mag 18,0     "
SSS130402:141135-282828,212.89791,-28.47435,20130402,17.69,1304020290944138583,no,13858,no,2013-07-01,13858,yes,CV, (spec) mag 21    
SSS130402:140523-190210,211.34516,-19.03605,20130402,14.16,1304020191004116659,no,11665,no,2013-05-31,11665,yes,CV," mag 20,5     "
SSS130329:070601-503732,106.50344,-50.62555,20130329,17.77,1303290510344139873,no,13987,no,2013-04-29,13987,yes,CV," mag 20,5     "
SSS130329:185603-405201,284.01367,-40.86695,20130329,18.34,1303290411094167447,no,16744,no,2013-03-29,16744,yes,CV, mag >21     
SSS130329:064610-410416,101.54294,-41.07098,20130329,14.75,1303290410394125047,no,12504,no,2013-04-18,12504,yes,CV," 1RXSJ0646 mag 17,5    "
SSS130329:111742-203116,169.42536,-20.52124,20130329,16.16,1303290210804120196,no,12019,no,2013-06-21,12019,yes,CV, (spec) mag >21    
SSS130324:113801-352553,174.50334,-35.43129,20130324,18.85,1303240350724116008,no,11600,no,2013-05-07,11600,yes,Unknown, mag 21     
SSS130324:044918-332730, 72.32367,-33.45844,20130324,17.39,1303240330314107321,no,10732,no,2013-03-24,10732,yes,SN?,       
SSS130323:064320-535846,100.83389,-53.97947,20130323,17.19,1303230530314106989,no,10698,no,2013-04-29,10698,yes,Blazar?," PMNJ0643-5358 mag 19,5    "
SSS130320:154933-220357,237.38750,-22.06581,20130320,18.91,1303200211114102906,no,10290,no,2013-07-03,10290,yes,AGN?," SDSS mag 20,5    "
SSS130320:145535-153404,223.89595,-15.56773,20130320,13.83,1303200151094109228,no,10922,no,2013-07-05,10922,yes,HPM, LHS_385      
SSS130317:142756-420619,216.98458,-42.10537,20130317,14.45,1303170410834111805,no,11180,no,2013-05-14,11180,yes,Blazar, QSO_B1424-41      
SSS130317:065348-394424,103.45050,-39.74002,20130317,18.05,1303170390414115744,no,11574,no,2013-04-18,11574,yes,CV/SN, mag >21     
SSS130317:061735-384641, 94.39754,-38.77812,20130317,17.89,1303170390374128813,no,12881,no,2013-04-18,12881,yes,CV," mag 20,5     "
SSS130317:061910-375714, 94.79063,-37.95394,20130317,19.30,1303170370384106249,no,10624,no,2013-04-18,10624,yes,Unknown," mag 20,5     "
SSS130317:050350-190417, 75.95936,-19.07129,20130317,17.32,1303170190364113928,no,11392,no,2013-03-17,11392,yes,SN, mag 16     
SSS130317:045447-181214, 73.69517,-18.20393,20130317,18.20,1303170190354121866,no,12186,no,2013-03-17,12186,yes,CV," 2XMM_J04544 mag 20,5    "
SSS130316:144723-392124,221.84593,-39.35667,20130316,18.47,1303160390874139948,no,13994,no,2013-05-14,13994,yes,CV," mag 20,5     "
SSS130316:064606-353716,101.52513,-35.62100,20130316,16.04,1303160350424113856,no,11385,no,2013-04-16,11385,yes,CV, mag 21     
SSS130316:064016-361011,100.06596,-36.16962,20130316,16.68,1303160350424102586,no,10258,no,2013-04-16,10258,yes,CV/SN, mag >21     
SSS130314:074026-414351,115.10813,-41.73087,20130314,14.64,1303140410444126215,no,12621,no,2013-03-14,12621,yes,Var, IRAS_07387-4136      
SSS130314:040645-290928, 61.68829,-29.15775,20130314,19.01,1303140290284112310,no,11231,no,2013-03-14,11231,yes,SN, 2MASX_J040645 mag 16    
SSS130313:140204-365251,210.51537,-36.88071,20130313,15.58,1303130370854146919,no,14691,no,2013-06-03,14691,yes,CV," mag 19,5     "
SSS130313:153757-244015,234.48691,-24.67072,20130313,17.67,1303130251074154194,no,15419,no,2013-07-03,15419,yes,CV," (Itagaki) mag 20,5    "
SSS130313:161726-232948,244.36003,-23.49665,20130313,17.14,1303130231134127021,no,12702,no,2013-06-02,12702,yes,CV, mag 21     
SSS130312:120850-450753,182.20894,-45.13147,20130312,12.10,1303120450654149777,no,14977,no,2013-05-02,14977,yes,Mira,       
SSS130312:113520-403422,173.83217,-40.57267,20130312,15.93,1303120410674150048,no,15004,no,2013-05-02,15004,yes,CV, mag >21     
SSS130312:140311-240135,210.79507,-24.02632,20130312,17.36,1303120230984102599,no,10259,no,2013-07-02,10259,yes,CV," mag 20,5     "
SSS130312:054944-210946, 87.43206,-21.16264,20130312,19.26,1303120210414117195,no,11719,no,2013-04-12,11719,yes,Unknown," mag >21,5     "
SSS130312:140859-165709,212.24733,-16.95244,20130312,17.88,1303120171024116887,no,11688,no,2013-05-31,11688,yes,CV, (spec) mag 21    
SSS130311:111518-452917,168.82505,-45.48801,20130311,17.91,1303110450614130001,no,13000,no,2013-05-02,13000,yes,CV," (spec) mag 21,5    "
SSS130311:110703-433146,166.76275,-43.52931,20130311,16.82,1303110430624119371,no,11937,no,2013-05-02,11937,yes,CV, mag 21     
SSS130311:130508-375705,196.28186,-37.95134,20130311,16.88,1303110370794109366,no,10936,no,2013-06-16,10936,yes,SN, (spec) mag 21    
SSS130307:115543-390220,178.93043,-39.03885,20130307,17.29,1303070390714133596,no,13359,no,2013-05-10,13359,yes,CV, mag >21     
SSS130307:101032-371232,152.63448,-37.20893,20130307,17.50,1303070370624133217,no,13321,no,2013-05-02,13321,yes,CV, mag 21     
SSS130307:114002-350527,175.00924,-35.09089,20130307,17.99,1303070350724124963,no,12496,no,2013-05-07,12496,yes,SN, (spec) mag 18    
SSS130307:100006-341401,150.02312,-34.23348,20130307,15.61,1303070330634101223,no,10122,no,2013-05-14,10122,yes,SN," 2013E (BOSS) mag 13,9   "
SSS130307:124643-293832,191.67781,-29.64221,20130307,18.30,1303070290854112191,no,11219,no,2013-07-21,11219,yes,AGN," mag 20,3     "
SSS130307:122355-275743,185.97881,-27.96184,20130307,15.81,1303070270844104731,no,10473,no,2013-07-21,10473,yes,HPM, LHS_325a      
SSS130306:104456-290844,161.23423,-29.14546,20130306,15.15,1303060290714119811,no,11981,no,2013-06-16,11981,yes,CV," mag 20,5     "
SSS130305:090041-215035,135.17175,-21.84301,20130305,16.79,1303050210644106473,no,10647,no,2013-06-11,10647,yes,CV," mag 19,8     "
SSS130305:093417-174421,143.57166,-17.73925,20130305,18.07,1303050170694106166,no,10616,no,2013-06-11,10616,yes,Var,       
SSS130304:114445-203141,176.18643,-20.52809,20130304,17.05,1303040210834119682,no,11968,no,2013-07-05,11968,yes,SN," 2013ao mag 20,5    "
SSS130304:102431-192214,156.13050,-19.37044,20130304,18.56,1303040190744110939,no,11093,no,2013-07-02,11093,yes,SN/CV, mag 21     
SSS130304:082627-192957,126.61451,-19.49922,20130304,15.47,1303040190604125327,no,12532,no,2013-06-08,12532,yes,CV, mag 21     
SSS130304:114144-171349,175.43392,-17.23022,20130304,17.59,1303040170844109870,no,10987,no,2013-07-05,10987,yes,SN," (spec) mag 21,5    "
SSS130304:055628-172343, 89.11721,-17.39523,20130304,16.89,1303040170434115647,no,11564,no,2013-05-10,11564,yes,CV," (spec) mag >21,5    "
SSS130221:133330-194457,203.37502,-19.74910,20130221,18.35,1302210190974106391,no,10639,no,2013-05-31,10639,yes,SN, (spec) mag >21    
SSS130110:103055-444459,157.72847,-44.74965,20130110,17.47,1301100450574174929,no,17492,no,2013-05-02,17492,yes,CV," mag 20,5     "
SSS130110:060028-302234, 90.11582,-30.37617,20130110,16.91,1301100310394130540,no,13054,no,2013-04-16,13054,yes,CV, mag >21     
SSS130107:030147-461634, 45.44672,-46.27619,20130107,16.57,1301070450174101345,no,10134,no,2013-01-07,10134,yes,CV," mag 20,5     "
SSS130106:072037-551216,110.15212,-55.20437,20130106,18.02,1301060550324131867,no,13186,no,2013-04-29,13186,yes,CV, mag >21     
SSS130105:000514-434734,  1.30949,-43.79284,20130105,16.97,1301050430014105079,no,10507,no,2013-01-05,10507,yes,CV," mag 20,2     "
SSS130103:232131-385659,350.37956,-38.94984,20130103,17.79,1301030391384113476,no,11347,no,2013-07-20,11347,yes,CV, mag 21     
SSS130103:082255-191734,125.72938,-19.29282,20130103,17.72,1301030190604126081,no,12608,no,2013-06-08,12608,yes,SN/CV," mag 21,5     "
SSS130102:055316-264847, 88.31537,-26.81306,20130102,15.57,1301020270404123016,no,12301,no,2013-04-10,12301,yes,CV, mag 21     
SSS130101:122222-311525,185.59011,-31.25692,20130101,12.36,1301010310804113661,no,11366,no,2013-06-08,11366,yes,CV," mag 19,2     "
SSS130101:124643-293832,191.67765,-29.64212,20130101,18.94,1301010290854108841,no,10884,no,2013-07-21,10884,yes,AGN," mag 20,5     "
SSS121230:062138-594251, 95.41029,-59.71407,20121230,13.83,1212300590254111875,no,11187,no,2013-05-03,11187,yes,SN, 2012hr (BOSS)     
SSS121230:051454-600847, 78.72292,-60.14637,20121230,18.10,1212300590214103915,no,10391,no,2012-12-30,10391,yes,SN," (OGLE-SN-044) mag 20,5    "
SSS121220:064922-331837,102.34233,-33.31041,20121220,17.86,1212200330434127069,no,12706,no,2013-04-16,12706,yes,SN?, mag 21     
SSS121218:033126-643911, 52.85851,-64.65293,20121218,14.13,1212180650124226603,no,22660,no,2012-12-18,22660,yes,HPM, 2MASS_J033125      
SSS121218:034259-640808, 55.74435,-64.13545,20121218,14.38,1212180630134205931,no,20593,no,2012-12-18,20593,yes,HPM, 2MASS_J034257      
SSS121218:045137-581902, 72.90409,-58.31711,20121218,15.79,1212180570214102329,no,10232,no,2012-12-18,10232,yes,HPM, 2MASS J045137     
SSS121217:112923-222938,172.34452,-22.49386,20121217,19.46,1212170230804128410,no,12841,no,2013-07-05,12841,yes,Unknown,       
SSS121217:062754-200330, 96.97463,-20.05828,20121217,16.89,1212170190464103302,yes,10330,no,2013-05-11,10330,yes,CV, mag 21     
SSS121217:090930-124814,137.37532,-12.80376,20121217,18.22,1212170130674124347,no,12434,no,2013-05-29,12434,yes,Blazar, mag >20     
SSS121216:091626-280749,139.10945,-28.13028,20121216,19.15,1212160270634102936,no,10293,no,2013-05-09,10293,yes,Unknown, DSS mag >21    
SSS121216:092907-240505,142.27948,-24.08472,20121216,16.73,1212160230664101283,no,10128,no,2013-05-09,10128,yes,CV," MN_Hya mag 19,0    "
SSS121210:041027-533640, 62.61194,-53.61109,20121210,11.89,1212100530194109896,no,10989,no,2012-12-10,10989,yes,HPM, LHS_22      
SSS121203:033415-495326, 53.56404,-49.89055,20121203,15.91,1212030490184104961,no,10496,no,2012-12-03,10496,yes,HPM, 2MASS_J033412      
SSS121124:035206-390355, 58.02541,-39.06530,20121124,18.19,1211240390234111885,no,11188,no,2013-04-02,11188,yes,SN," ESO_302-15 mag 15,5    "
SSS121124:043743-355157, 69.42883,-35.86585,20121124,19.43,1211240350294105137,no,10513,no,2013-03-24,10513,yes,Unknown," mag 20,5     "
SSS121121:100735-201732,151.89429,-20.29228,20121121,16.04,1211210210714126643,no,12664,no,2013-05-10,12664,yes,CV, 1RXS_J10073 mag 19    
SSS121120:023241-391756, 38.17061,-39.29878,20121120,13.86,1211200390154110816,no,11081,no,2012-11-20,11081,yes,SN," 2012hc NGC986A (CHASE) mag 14,0  "
SSS121119:042641-205814, 66.67231,-20.97046,20121119,17.46,1211190210324114452,no,11445,no,2013-03-17,11445,yes,CV/SN, mag 22     
SSS121119:042337-175143, 65.90608,-17.86206,20121119,20.11,1211190170324103247,no,10324,no,2013-03-16,10324,yes,Unknown," mag 20,5     "
SSS121119:013943-162230, 24.93021,-16.37513,20121119,19.91,1211190170124118663,no,11866,no,2013-01-06,11866,yes,AGN?,       
SSS121118:010739-185416, 16.91423,-18.90444,20121118,19.76,1211180190084113461,no,11346,no,2013-01-06,11346,yes,Unknown," mag 20,5     "
SSS121118:003802-135139,  9.50729,-13.86097,20121118,14.73,1211180130054102793,no,10279,no,2012-11-18,10279,yes,SN," 2012gx MCG-02-02-072 mag 15,5   "
SSS121114:033336-360735, 53.40121,-36.12639,20121114,12.08,1211140350224101637,no,10163,no,2012-11-14,10163,yes,SN, 2012fr (Tarot) NGC_1365    
SSS121024:032214-625918, 50.55849,-62.98841,20121024,13.57,1210240630124121009,no,12100,no,2012-12-30,12100,yes,HPM, 2MASS_J032213      
SSS121023:034447-411744, 56.19545,-41.29567,20121023,16.48,1210230410224110914,no,11091,no,2013-04-02,11091,yes,CV, mag 20     
SSS121016:032640-313949, 51.66537,-31.66353,20121016,19.40,1210160310234105943,no,10594,no,2012-10-16,10594,yes,SN, mag >21     
SSS121015:014857-405759, 27.23702,-40.96651,20121015,19.80,1210150410114115968,no,11596,no,2013-01-05,11596,yes,Ast?,       
SSS121015:224255-372531,340.72914,-37.42537,20121015,19.16,1210150371374111688,no,11168,no,2013-07-20,11168,yes,Ast/SN, mag >21     
SSS121015:025917-141609, 44.82233,-14.26915,20121015,19.31,1210150150224118205,no,11820,no,2013-03-11,11820,yes,SN?, mag 21     
SSS121014:011026-382847, 17.60644,-38.47984,20121014,19.56,1210140390074122482,no,12248,no,2013-01-02,12248,yes,AGN?,       
SSS121013:010534-352927, 16.39223,-35.49072,20121013,20.31,1210130350074109276,no,10927,no,2012-10-13,10927,yes,unknown,       
SSS121013:004148-330937, 10.45029,-33.16031,20121013,20.14,1210130330054313883,no,31388,no,2012-10-13,31388,yes,AGN?," mag 20,5     "
SSS121013:000340-301804,  0.91843,-30.30119,20121013,14.47,1210130310014125246,no,12524,no,2013-01-02,12524,yes,CV," 2QZ_J000340 mag 19,5    "
SSS121013:013804-292753, 24.51524,-29.46477,20121013,19.44,1210130290114109691,no,10969,no,2012-10-13,10969,yes,unknown," mag 20,5     "
SSS120912:152107-231503,230.28014,-23.25076,20120912,18.07,1209120231074123333,no,12333,no,2013-07-03,12333,yes,SN?," mag 20,0     "
SSS120911:225505-322322,343.76957,-32.38941,20120911,19.87,1209110331454121767,no,12176,no,2012-12-18,12176,yes,AGN?," mag 20,5     "
SSS120911:230051-274319,345.21066,-27.72196,20120911,19.76,1209110271554106318,no,10631,no,2013-06-23,10631,yes,AGN?, mag 20     
SSS120908:160947-221415,242.44585,-22.23757,20120908,17.53,1209080231124175893,no,17589,no,2013-06-02,17589,yes,CV/SN, mag >21     
SSS120907:212318-611513,320.82378,-61.25372,20120907,12.92,1209070610794116740,no,11674,no,2013-04-25,11674,yes,HPM, LHS_3663      
SSS120907:211851-573841,319.71135,-57.64476,20120907,16.44,1209070570884110938,no,11093,no,2013-04-25,11093,yes,SN, 2012dy (BOSS)     
SSS120907:210145-543736,315.43637,-54.62669,20120907,15.06,1209070550924127062,no,12706,no,2013-04-25,12706,yes,HPM, 2MASS_J210145      
SSS120907:015030-214847, 27.62450,-21.81296,20120907,19.64,1209070210134103276,no,10327,no,2013-01-06,10327,yes,Unknown, mag >21     
SSS120906:211209-470313,318.03708,-47.05370,20120906,17.26,1209060471104122285,no,12228,no,2013-07-05,12228,yes,SN," (Howerton) mag 15,2    "
SSS120906:195112-212848,297.80038,-21.47988,20120906,18.11,1209060211394131052,no,13105,no,2013-06-02,13105,yes,CV, mag >21     
SSS120904:005217-620153, 13.07194,-62.03138,20120904,15.86,1209040610044105374,no,10537,no,2012-09-04,10537,yes,HPM, 2MASS_J005215      
SSS120903:005712-675609, 14.30118,-67.93572,20120903,12.88,1209030670034109462,no,10946,no,2012-09-03,10946,yes,HPM, LTT546      
SSS120903:184502-495538,281.25643,-49.92712,20120903,16.38,1209030490934123712,no,12371,no,2012-09-03,12371,yes,CV," mag 20,5     "
SSS120903:184224-501403,280.60009,-50.23408,20120903,16.63,1209030490934108243,no,10824,no,2012-09-03,10824,yes,CV," mag 20,5     "
SSS120903:142429-164539,216.12116,-16.76089,20120903,15.14,1209030171044120313,no,12031,no,2013-05-31,12031,yes,SN, (unknown)      
SSS120828:233202-454503,353.00907,-45.75089,20120828,17.79,1208280451264106073,no,10607,no,2013-07-20,10607,yes,SN, ESO_291-27      
SSS120828:164535-113320,251.39386,-11.55553,20120828,18.30,1208280111234113409,no,11340,no,2013-05-10,11340,yes,CV, mag >21     
SSS120828:033817-112948, 54.57059,-11.49653,20120828,12.03,1208280110274106525,no,10652,no,2012-08-28,10652,yes,HPM, LHS_20      
SSS120827:010014-304831, 15.05988,-30.80858,20120827,15.44,1208270310074114752,no,11475,no,2012-11-13,11475,yes,SN," ESO_412-1 mag 14,5    "
SSS120827:030934-135434, 47.38994,-13.90934,20120827,17.67,1208270130244102523,yes,10252,no,2013-03-11,10252,yes,HPM,       
SSS120827:031304-082332, 48.26734, -8.39214,20120827,17.22,1208270090244119566,yes,11956,no,2012-11-13,11956,yes,SN," 2MASS_J031304 z=0,03 mag 15,5   "
SSS120826:193017-495348,292.56952,-49.89676,20120826,17.03,1208260490974110681,no,11068,no,2013-06-21,11068,yes,SN?, mag >21     
SSS120826:023954-343837, 39.97580,-34.64354,20120826,16.78,1208260350174121049,no,12104,no,2012-08-26,12104,yes,LPV, 2MASS_J023954      
SSS120817:002822-305723,  7.09095,-30.95642,20120817,19.09,1208170310044215046,no,21504,no,2013-01-02,21504,yes,SN," 2MASX_J002822 z=0,051     "
SSS120816:012937-175040, 22.40618,-17.84455,20120816,17.88,1208160170114103042,no,10304,no,2013-01-06,10304,yes,SN, mag 21     
SSS120814:130548-360301,196.44869,-36.05035,20120814,17.12,1208140350814105492,no,10549,no,2013-06-16,10549,yes,CV," mag 20,5     "
SSS120814:221925-282323,334.85221,-28.38984,20120814,13.34,1208140291474131439,no,13143,no,2013-06-23,13143,yes,HPM, LHS_3793      
SSS120814:225830-230345,344.62615,-23.06240,20120814,14.08,1208140231594115593,no,11559,no,2013-06-23,11559,yes,CV?," mag 18,5     "
SSS120814:221352-124146,333.46610,-12.69603,20120814,18.42,1208140131634121666,no,12166,no,2013-04-17,12166,yes,SN," mag 20,5     "
SSS120813:205906-280650,314.77300,-28.11389,20120813,18.70,1208130271414102017,no,10201,no,2013-06-21,10201,yes,CV?, mag 21     
SSS120813:122355-275743,185.97891,-27.96183,20120813,15.77,1208130270844104263,no,10426,no,2013-07-21,10426,yes,HPM, LHS_325a      
SSS120811:124603-165210,191.51084,-16.86946,20120811,18.64,1208110170924114100,yes,11410,no,2013-06-04,11410,yes,SN," SDSS mag 22,6    "
SSS120810:225747-653725,344.44746,-65.62363,20120810,13.85,1208100650744113469,no,11346,no,2012-11-13,11346,yes,HPM,       
SSS120810:231802-560926,349.50757,-56.15713,20120810,17.96,1208100551024104013,no,10401,no,2012-11-13,10401,yes,SN, (spec)      
SSS120810:142714-383114,216.80983,-38.52052,20120810,16.22,1208100390854171574,no,17157,no,2013-05-14,17157,yes,CV," mag 20,5     "
SSS120810:141755-383632,214.48071,-38.60902,20120810,17.30,1208100390854168373,no,16837,no,2013-05-14,16837,yes,CV/Var,       
SSS120809:184207-555427,280.52896,-55.90744,20120809,12.34,1208090550824125941,no,12594,no,2013-06-04,12594,yes,Var,       
SSS120809:144254-271653,220.72482,-27.28134,20120809,18.79,1208090270994122268,no,12226,no,2013-07-01,12226,yes,CV?, mag >20     
SSS120807:214146-641115,325.44339,-64.18744,20120807,17.14,1208070630764104681,no,10468,no,2013-04-25,10468,yes,Blazar,       
SSS120807:210512-624707,316.30072,-62.78520,20120807,15.34,1208070630734131873,no,13187,no,2013-04-25,13187,yes,HPM, 2MASS_J210511      
SSS120807:212047-622704,320.19459,-62.45120,20120807,14.44,1208070610794100956,no,10095,no,2013-04-25,10095,yes,HPM, LHS_3658      
SSS120807:233315-330852,353.31184,-33.14778,20120807,18.24,1208070331494112436,no,11243,no,2012-12-29,11243,yes,SN, mag >20     
SSS120807:232900-294646,352.25189,-29.77945,20120807,15.13,1208070291554104873,no,10487,no,2012-11-13,10487,yes,CV, VY_Scl      
SSS120806:135449-310650,208.70252,-31.11385,20120806,19.01,1208060310904125244,no,12524,no,2013-06-03,12524,yes,CV, mag 21     
SSS120731:214217-674801,325.57238,-67.80032,20120731,14.08,1207310670664110342,no,11034,no,2012-11-13,11034,yes,CV," mag 16,5     "
SSS120731:133757-175428,204.48853,-17.90777,20120731,14.90,1207310170984103013,no,10301,no,2013-05-31,10301,yes,SN, (Howerton) SNhunt141     
SSS120730:234208-205514,355.53396,-20.92067,20120730,19.60,1207300211664114721,yes,11472,no,2013-07-01,11472,yes,CV?, mag 21     
SSS120725:203513-541256,308.80568,-54.21544,20120725,18.49,1207250530944105074,no,10507,no,2013-07-03,10507,yes,CV?," mag 20,5     "
SSS120725:202916-505847,307.31573,-50.97959,20120725,14.28,1207250510984131280,no,13128,no,2013-07-03,13128,yes,CV," mag 19,2     "
SSS120724:231448-433623,348.69997,-43.60636,20120724,13.92,1207240431284109622,no,10962,no,2013-07-20,10962,yes,SN, 2012dj (Parker)     
SSS120724:215914-393421,329.80920,-39.57243,20120724,18.73,1207240391304109704,no,10970,no,2013-07-05,10970,yes,CV/SN," mag 20,5     "
SSS120724:224740-362254,341.91539,-36.38158,20120724,14.21,1207240371374125883,no,12588,no,2013-07-20,12588,yes,CV," mag 19,5     "
SSS120724:215932-313148,329.88476,-31.52992,20120724,18.88,1207240311434108783,no,10878,no,2013-04-20,10878,yes,CV?, mag 21     
SSS120723:212235-333355,320.64701,-33.56518,20120723,17.53,1207230331354107292,no,10729,no,2013-04-18,10729,yes,SN," 2MASX_J21223598-333352 mag 16,7    "
SSS120722:212040-164751,320.16553,-16.79742,20120722,17.47,1207220171534115977,yes,11597,no,2013-05-09,11597,yes,CV," SDSS mag 21,1    "
SSS120721:200606-313353,301.52459,-31.56459,20120721,15.22,1207210311304119409,no,11940,no,2013-06-08,11940,yes,HPM, LHS_3520      
SSS120721:125901-133442,194.75346,-13.57826,20120721,15.60,1207210130954106637,no,10663,no,2013-06-04,10663,yes,CV," mag 19,7     "
SSS120718:154335-355906,235.89434,-35.98501,20120718,17.38,1207180350974115080,no,11508,no,2013-07-02,11508,yes,CV, mag >20     
SSS120715:195551-260249,298.96193,-26.04701,20120715,18.36,1207150251364106184,no,10618,no,2013-06-02,10618,yes,CV, mag 21     
SSS120709:121307-482008,183.27709,-48.33563,20120709,14.14,1207090470644103596,no,10359,no,2013-05-06,10359,yes,HPM, 2MASS_J121307      
SSS120708:144418-201950,221.07382,-20.33051,20120708,16.44,1207080211044139346,no,13934,no,2013-07-05,13934,yes,HPM, 2MASS_J144420      
SSS120707:195554-604531,298.97312,-60.75860,20120707,12.37,1207070610744135500,no,13550,no,2013-04-11,13550,yes,Var,       
SSS120707:200325-555719,300.85350,-55.95529,20120707,13.99,1207070550874110113,no,11011,no,2013-04-11,11011,yes,SN, (unknown)      
SSS120707:124109-424254,190.28895,-42.71507,20120707,16.22,1207070430704152302,no,15230,no,2013-05-08,15230,yes,CV?, mag 21     
SSS120628:154457-322722,236.23644,-32.45617,20120628,14.62,1206280331004184129,no,18412,no,2013-07-02,18412,yes,CV," mag 17,3     "
SSS120626:120447-364031,181.19582,-36.67538,20120626,14.21,1206260370734135569,no,13556,no,2013-05-10,13556,yes,CV," mag 20,5     "
SSS120624:000643-073240,  1.67720, -7.54456,20120624,11.70,1206240070014104964,yes,10496,no,2013-07-02,10496,yes,HPM, LHS_2      
SSS120624:112749-054236,171.95288, -5.70994,20120624,19.00,1206240050864102971,yes,10297,no,2012-06-24,10297,yes,CV," CSS110225 SDSS mag 20,1   "
SSS120623:195622-444019,299.09245,-44.67190,20120623,16.82,1206230451074139306,no,13930,no,2013-06-16,13930,yes,CV/SN, mag 21     
SSS120620:175123-605942,267.84523,-60.99498,20120620,18.43,1206200610664184016,no,18401,no,2012-11-13,18401,yes,Unknown,       
SSS120614:112125-211158,170.35587,-21.19955,20120614,19.07,1206140210804111908,no,11190,no,2013-06-21,11190,yes,CV?,       
SSS120613:173540-702033,263.91850,-70.34259,20120613,15.53,1206130690494103704,no,10370,no,2013-04-13,10370,yes,HPM, 2MASS_J173540      
SSS120613:105709-372355,164.28771,-37.39862,20120613,14.15,1206130370664119772,no,11977,no,2013-05-02,11977,yes,RCorBor, UX_Ant      
SSS120612:223957-201847,339.98588,-20.31295,20120612,15.72,1206120211594113682,no,11368,no,2013-06-15,11368,yes,CV?," mag 20,5     "
SSS120610:232022-710537,350.09237,-71.09372,20120610,13.08,1206100710594121222,no,12122,no,2012-11-13,12122,yes,HPM, LHS_3934      
SSS120610:231939-645857,349.91197,-64.98250,20120610,14.55,1206100650754121333,no,12133,no,2012-11-13,12133,yes,HPM, 2MASS_J231938      
SSS120610:124643-293831,191.67795,-29.64206,20120610,18.76,1206100290854110684,no,11068,no,2013-07-21,11068,yes,AGN," mag 20,0     "
SSS120530:111636-440750,169.15003,-44.13058,20120530,12.68,1205300430634106138,no,10613,no,2013-05-02,10613,yes,HPM, LHS_2386      
SSS120530:114639-413545,176.66076,-41.59576,20120530,18.06,1205300410684116046,no,11604,no,2013-05-10,11604,yes,CV, mag >21     
SSS120530:213105-400208,322.77122,-40.03544,20120530,18.35,1205300391274104602,no,10460,no,2013-06-21,10460,yes,CV?,       
SSS120529:220947-562145,332.44692,-56.36244,20120529,14.40,1205290550974101509,no,10150,no,2012-11-13,10150,yes,HPM, 2MASS_J220946      
SSS120529:125450-502034,193.71037,-50.34278,20120529,14.71,1205290490654103603,no,10360,no,2013-05-06,10360,yes,HPM, 2MASS_J125450      
SSS120529:130529-440036,196.37156,-44.00993,20120529,12.55,1205290430734113379,no,11337,no,2013-05-06,11337,yes,LPV?," mag 12,8     "
SSS120529:144532-311741,221.38268,-31.29471,20120529,17.68,1205290310964123701,no,12370,no,2013-06-03,12370,yes,CV, mag 21     
SSS120528:125543-342105,193.92876,-34.35140,20120528,14.80,1205280350804133910,no,13391,no,2013-06-16,13391,yes,CV, mag 19     
SSS120527:224611-690548,341.54702,-69.09655,20120527,14.89,1205270690634121325,no,12132,no,2012-11-13,12132,yes,HPM, 2MASS_J224610      
SSS120527:220409-695541,331.03859,-69.92805,20120527,12.62,1205270690614110243,no,11024,no,2012-11-13,11024,yes,HPM, LHS_3751      
SSS120527:222138-654731,335.41004,-65.79185,20120527,14.79,1205270650724110726,no,11072,no,2012-11-13,11072,yes,HPM, 2MASS_J222136      
SSS120527:210903-605743,317.26291,-60.96194,20120527,13.49,1205270610784126432,no,12643,no,2013-04-25,12643,yes,HPM,       
SSS120527:185726-584558,284.35720,-58.76605,20120527,17.57,1205270590754156928,no,15692,no,2013-06-04,15692,yes,CV, mag >20     
SSS120527:122341-481238,185.92033,-48.21067,20120527,12.38,1205270470654109018,no,10901,no,2013-05-06,10901,yes,HPM, 2MASS_J122341      
SSS120527:143311-342807,218.29403,-34.46848,20120527,16.20,1205270350904148812,no,14881,no,2013-06-03,14881,yes,CV, mag 21     
SSS120523:120850-450753,182.20895,-45.13149,20120523,12.28,1205230450654147430,no,14743,no,2013-05-02,14743,yes,Mira, V389_Cen      
SSS120522:201926-691415,304.85801,-69.23738,20120522,14.53,1205220690564127541,no,12754,no,2013-04-16,12754,yes,HPM, 2MASS_J201925      
SSS120522:135600-450247,208.99871,-45.04650,20120522,18.42,1205220450754169661,no,16966,no,2013-05-06,16966,yes,CV/Var,       
SSS120519:201045-472841,302.68829,-47.47811,20120519,16.33,1205190471054121585,no,12158,no,2013-07-03,12158,yes,CV," mag 20,5     "
SSS120519:152719-323055,231.82753,-32.51532,20120519,18.76,1205190330984170955,no,17095,no,2013-07-02,17095,yes,CV," mag 20,5     "
SSS120519:113339-132032,173.41258,-13.34224,20120519,17.18,1205190130854110601,no,11060,no,2013-07-03,11060,yes,CV/SN," mag 19,9     "
SSS120519:112355-115630,170.97914,-11.94162,20120519,17.52,1205190110844102046,yes,10204,no,2013-07-03,10204,yes,Blazar," mag 20,0     "
SSS120519:121119-083957,182.82977, -8.66589,20120519,14.72,1205190090904116375,no,11637,no,2013-07-03,11637,yes,CV," mag 18,3     "
SSS120519:092651-095136,141.71072, -9.86003,20120519,19.04,1205190090704103694,no,10369,no,2013-06-08,10369,yes,Unknown,       
SSS120519:123111-062657,187.79701, -6.44904,20120519,19.51,1205190070934118971,no,11897,no,2013-01-11,11897,yes,Ast?,       
SSS120518:201307-365620,303.27785,-36.93882,20120518,18.14,1205180371224130015,no,13001,no,2013-06-21,13001,yes,CV," mag >21,5     "
SSS120518:121605-134007,184.02003,-13.66869,20120518,19.25,1205180130904105532,no,10553,no,2013-07-03,10553,yes,Unknown,       
SSS120518:115449-124959,178.70219,-12.83315,20120518,18.78,1205180130874115850,no,11585,no,2013-06-11,11585,yes,Unknown,       
SSS120518:235138-083503,357.90886, -8.58413,20120518,16.99,1205180091764112817,yes,11281,no,2013-07-21,11281,yes,CV, mag 21     
SSS120517:191951-464132,289.96169,-46.69224,20120517,16.96,1205170471004164401,no,16440,no,2013-06-21,16440,yes,CV," mag 20,5     "
SSS120517:185027-464258,282.61141,-46.71605,20120517,17.17,1205170470984186111,no,18611,no,2013-04-07,18611,yes,CV," mag 20,5     "
SSS120517:231330-272721,348.37614,-27.45570,20120517,18.61,1205170271564108084,no,10808,no,2012-11-13,10808,yes,CV?,       
SSS120517:090619-275831,136.58001,-27.97538,20120517,15.70,1205170270624108809,no,10880,no,2013-05-09,10880,yes,Var,       
SSS120517:232252-073705,350.71713, -7.61818,20120517,18.61,1205170071744104093,yes,10409,no,2013-06-15,10409,yes,Blazar,       
SSS120516:065433-283848,103.63855,-28.64658,20120516,16.34,1205160290464153055,no,15305,no,2013-04-16,15305,yes,CV," mag 20,0     "
SSS120516:064935-294331,102.39465,-29.72524,20120516,16.84,1205160290454114415,no,11441,no,2013-04-16,11441,yes,CV," mag 19,9     "
SSS120515:074613-580641,116.55413,-58.11151,20120515,16.43,1205150570334110091,no,11009,no,2013-04-22,11009,yes,SN, 2MASX_J074612 mag 16    
SSS120515:222111-400757,335.29661,-40.13263,20120515,17.89,1205150391324102333,no,10233,no,2013-07-20,10233,yes,SN," 2MASX_J222110 z=0,0569 mag 16,5   "
SSS120515:112846-315848,172.19069,-31.97997,20120515,19.66,1205150310754105607,no,10560,no,2013-05-07,10560,yes,Unknown,       
SSS120515:133548-212353,203.95154,-21.39797,20120515,18.26,1205150210964111838,no,11183,no,2013-05-31,11183,yes,SN," (LSQ12bri) mag 20,5    "
SSS120514:110457-312914,166.23568,-31.48730,20120514,15.48,1205140310724115908,no,11590,no,2013-06-16,11590,yes,CV," mag 19,3     "
SSS120514:105640-312212,164.16582,-31.37003,20120514,14.94,1205140310714115953,no,11595,no,2013-06-16,11595,yes,Unknown, ARXA_J105639      
SSS120514:111349-295532,168.45608,-29.92555,20120514,16.59,1205140290744106123,no,10612,no,2013-06-16,10612,yes,SN, 2012ce 2MASX_J111348     
SSS120514:204721-182138,311.83745,-18.36048,20120514,18.25,1205140191484135991,no,13599,no,2013-06-08,13599,yes,SN?, mag 20     
SSS120514:212159-135122,320.49459,-13.85622,20120514,18.34,1205140131564104158,yes,10415,no,2013-05-09,10415,yes,SN, 2MASX_J212159      
SSS120509:070421-520209,106.08703,-52.03579,20120509,18.02,1205090510344108554,no,10855,no,2013-04-29,10855,yes,CV," mag 20,5     "
SSS120509:105843-433233,164.68094,-43.54257,20120509,14.95,1205090430614124950,no,12495,no,2013-05-02,12495,yes,CV," mag 19,4     "
SSS120501:225355-064703,343.48104, -6.78409,20120501,15.26,1205010071704115470,yes,11547,no,2013-06-04,11547,yes,HPM, GJ_1276      
SSS120429:054738-490519, 86.90969,-49.08853,20120429,17.03,1204290490294117114,no,11711,no,2013-04-28,11711,yes,CV, mag 20     
SSS120429:053858-475836, 84.74313,-47.97661,20120429,16.89,1204290470304105284,no,10528,no,2013-04-28,10528,yes,SN," ESO_204-G027 z=0,034 mag 15,2   "
SSS120426:081632-063524,124.13131, -6.58991,20120426,19.02,1204260070624132119,yes,13211,no,2013-05-11,13211,yes,Unknown,       
SSS120425:102054-451733,155.22415,-45.29246,20120425,18.07,1204250450564149776,no,14977,no,2013-04-07,14977,yes,CV," mag >21,5     "
SSS120425:103654-420407,159.22598,-42.06859,20120425,15.77,1204250410614110164,no,11016,no,2013-05-02,11016,yes,CV?, mag 21     
SSS120424:135144-443020,207.93134,-44.50542,20120424,15.85,1204240450744190906,no,19090,no,2013-05-06,19090,yes,CV," maf 18,7     "
SSS120424:111404-455104,168.51769,-45.85102,20120424,18.16,1204240450604121779,no,12177,no,2013-05-02,12177,yes,CV/SN, mag >21     
SSS120424:143145-355205,217.93873,-35.86792,20120424,14.65,1204240350904111412,no,11141,no,2013-06-03,11141,yes,CV," mag 17,2     "
SSS120420:204522-504405,311.34205,-50.73479,20120420,17.20,1204200510994130618,no,13061,no,2013-07-05,13061,yes,SN," z=0,0156 ESO_234-067 mag 15,3   "
SSS120420:064408-430018,101.03146,-43.00505,20120420,17.92,1204200430384133517,no,13351,no,2013-04-18,13351,yes,CV, DSS mag 21    
SSS120420:064352-415251,100.96566,-41.88096,20120420,16.31,1204200410394110906,no,11090,no,2013-04-18,11090,yes,CV," SDSS mag >21,5    "
SSS120420:142919-282659,217.32815,-28.44973,20120420,17.64,1204200290964145225,no,14522,no,2013-07-01,14522,yes,CV, DSS mag 21    
SSS120419:134201-341506,205.50249,-34.25153,20120419,16.25,1204190330874101075,no,10107,no,2013-06-16,10107,yes,HPM, WD_1339-340      
SSS120416:202355-482117,305.98017,-48.35479,20120416,16.11,1204160471064101103,no,10110,no,2013-07-03,10110,yes,SN," 2012bl (Chase) mag 14,0   "
SSS120416:210929-204352,317.37156,-20.73114,20120416,16.96,1204160211494122015,no,12201,no,2013-05-14,12201,yes,CV," mag 19,7     "
SSS120416:211543-192250,318.93029,-19.38059,20120416,17.31,1204160191514111986,yes,11198,no,2013-05-09,11198,yes,SN," mag 14,8     "
SSS120413:125045-141608,192.68840,-14.26887,20120413,15.99,1204130150944126337,no,12633,no,2013-06-04,12633,yes,SN, 2012bo (Itagaki) mag 14   
SSS120412:094055-344341,145.22814,-34.72804,20120412,18.75,1204120350604154685,no,15468,no,2013-05-14,15468,yes,Var,       
SSS120411:105223-355943,163.09650,-35.99536,20120411,18.94,1204110350684105798,no,10579,no,2013-06-16,10579,yes,SN," 2MASX_J10522191 z=0,071     "
SSS120411:103035-315419,157.64400,-31.90520,20120411,18.79,1204110310684106867,no,10686,no,2013-06-16,10686,yes,CV?,       
SSS120411:143202-293605,218.00982,-29.60129,20120411,19.02,1204110290964113646,no,11364,no,2013-07-01,11364,yes,SN/AGN, mag 20     
SSS120411:063645-182531, 99.18694,-18.42519,20120411,17.35,1204110190474152507,yes,15250,no,2013-04-14,15250,yes,CV," SDSS mag 22,0    "
SSS120402:134015-350512,205.06216,-35.08677,20120402,16.50,1204020350854132037,no,13203,no,2013-06-16,13203,yes,CV," mag 18,4     "
SSS120402:114253-342802,175.71939,-34.46720,20120402,17.63,1204020350734131360,no,13136,no,2013-06-08,13136,yes,SN, mag 18     
SSS120401:194427-100916,296.11307,-10.15431,20120401,11.74,1204010111454193422,yes,19342,no,2013-07-01,19342,yes,Mira, mag 13     
SSS120331:074909-604211,117.28951,-60.70318,20120331,18.05,1203310610294148720,no,14872,no,2013-04-22,14872,yes,CV?,       
SSS120331:051702-412421, 79.25806,-41.40575,20120331,18.64,1203310410314110969,no,11096,no,2013-04-29,11096,yes,SN,       
SSS120331:043748-084930, 69.44836, -8.82492,20120331,13.59,1203310090354113286,no,11328,no,2013-04-07,11328,yes,HPM, GJ_3306      
SSS120330:074035-432556,115.14772,-43.43213,20120330,13.07,1203300430434148930,no,14893,no,2013-03-16,14893,yes,Var, IRAS_07389-43      
SSS120330:192306-381347,290.77521,-38.22984,20120330,17.97,1203300371174103000,no,10300,no,2013-06-16,10300,yes,Unknown, mag >21     
SSS120330:200445-322029,301.18929,-32.34150,20120330,15.09,1203300331274146493,no,14649,no,2013-06-08,14649,yes,CV," mag 20,5     "
SSS120330:125912-245637,194.79805,-24.94353,20120330,18.64,1203300250894119974,no,11997,no,2013-07-01,11997,yes,SN, mag 20     
SSS120329:183929-581646,279.87033,-58.27949,20120329,15.39,1203290570774108257,no,10825,no,2013-06-04,10825,yes,CV," mag 20,5     "
SSS120329:185136-445412,282.90113,-44.90340,20120329,12.39,1203290451014182605,no,18260,no,2013-04-07,18260,yes,Mira,       
SSS120323:113033-492206,172.63854,-49.36835,20120323,17.28,1203230490584157081,no,15708,no,2013-04-08,15708,yes,CV, mag >20     
SSS120323:111953-421254,169.96935,-42.21488,20120323,17.99,1203230410654104255,no,10425,no,2013-05-02,10425,yes,CV, mag 21     
SSS120322:123035-384823,187.64618,-38.80650,20120322,15.82,1203220390744143164,no,14316,no,2013-05-08,14316,yes,CV, mag 20     
SSS120321:195055-185605,297.73098,-18.93467,20120321,18.23,1203210191414145432,no,14543,no,2013-07-01,14543,yes,CV, DSS mag >21    
SSS120320:101854-400644,154.72296,-40.11209,20120320,15.91,1203200390614106683,no,10668,no,2013-05-02,10668,yes,CV," mag 19,0     "
SSS120320:061754-362654, 94.47443,-36.44844,20120320,14.83,1203200370384126363,no,12636,no,2013-04-18,12636,yes,CV," SDSS mag 17,9    "
SSS120318:065722-421237,104.34189,-42.21036,20120318,16.64,1203180410404103652,no,10365,no,2013-04-18,10365,yes,CV, mag >20     
SSS120318:065146-421325,102.94139,-42.22355,20120318,16.07,1203180410404103396,no,10339,no,2013-04-18,10339,yes,CV, mag >20     
SSS120318:134201-341506,205.50259,-34.25156,20120318,16.28,1203180330874101063,no,10106,no,2013-06-16,10106,yes,HPM, WD_1339-340      
SSS120318:130018-325805,195.07441,-32.96808,20120318,15.72,1203180330824119662,no,11966,no,2013-06-16,11966,yes,CV, mag 20     
SSS120224:122938-291654,187.40837,-29.28164,20120224,15.77,1202240290834114044,no,11404,no,2013-07-21,11404,yes,CV," mag 18,3     "
SSS120223:121811-421622,184.54412,-42.27291,20120223,17.28,1202230410714102658,no,10265,no,2013-05-10,10265,yes,CV, DSS mag 21    
SSS120216:074949-565426,117.45267,-56.90726,20120216,16.00,1202160570334147700,no,14770,no,2013-04-22,14770,yes,CV, DSS mag >21    
SSS120216:092242-385744,140.67639,-38.96232,20120216,17.22,1202160390564171807,no,17180,no,2013-04-07,17180,yes,CV?,       
SSS120216:135528-312918,208.86738,-31.48836,20120216,17.99,1202160310904117259,no,11725,no,2013-06-03,11725,yes,SN?,       
SSS120216:134128-320001,205.36527,-32.00027,20120216,16.61,1202160310894105700,no,10570,no,2013-06-16,10570,yes,SN, 2012ag mag 14    
SSS120215:122443-410158,186.18038,-41.03291,20120215,17.23,1202150410714137658,no,13765,no,2013-05-10,13765,yes,CV," mag 19,1     "
SSS120215:102042-335002,155.17566,-33.83401,20120215,14.69,1202150330664111121,no,11112,no,2013-06-16,11112,yes,CV," mag 17,9     "
SSS120213:110510-383418,166.29264,-38.57171,20120213,17.70,1202130390664139118,no,13911,no,2013-05-02,13911,yes,Unknown, DSS mag >21    
SSS120213:093458-361036,143.74160,-36.17668,20120213,18.01,1202130350604104192,no,10419,no,2013-05-14,10419,yes,CV, DSS mag >21    
SSS120205:053628-371456, 84.11687,-37.24902,20120205,18.86,1202050370344114093,no,11409,no,2013-04-29,11409,yes,Unknown, DSS mag >21    
SSS120204:122819-342726,187.07930,-34.45733,20120204,16.68,1202040350774136330,no,13633,no,2013-06-08,13633,yes,SN," DSS mag 20,0    "
SSS120204:121148-352159,182.94979,-35.36645,20120204,15.73,1202040350764119419,no,11941,no,2013-06-08,11941,yes,CV," mag 18,3     "
SSS120122:025302-391234, 43.25876,-39.20952,20120122,18.65,1201220390174210061,no,21006,no,2012-11-13,21006,yes,Unknown,       
SSS120119:111329-501921,168.37201,-50.32245,20120119,11.87,1201190490564105985,no,10598,no,2013-04-08,10598,yes,Var, CD-49_5949      
SSS120119:104732-463727,161.88396,-46.62412,20120119,15.63,1201190470564181626,no,18162,no,2013-04-07,18162,yes,CV," SSS mag 19,0    "
SSS120119:063821-341333, 99.58640,-34.22594,20120119,16.34,1201190330424101455,no,10145,no,2013-04-16,10145,yes,CV, mag 21     
SSS120119:064814-304419,102.05876,-30.73872,20120119,16.91,1201190310444140806,no,14080,no,2013-04-16,14080,yes,Blazar, PKS_0646-306      
SSS120112:050157-483901, 75.48848,-48.65023,20120112,15.29,1201120490254119398,no,11939,no,2013-04-09,11939,yes,CV," mag 17,4     "
SSS120111:095652-331216,149.21654,-33.20446,20120111,15.89,1201110330634121342,no,12134,no,2013-05-14,12134,yes,CV," mag 19,0     "
SSS120111:092948-310602,142.45187,-31.10068,20120111,17.92,1201110310624127269,no,12726,no,2013-05-14,12726,yes,CV, mag >20     
SSS120103:032929-491301, 52.37250,-49.21695,20120103,18.01,1201030490184111692,no,11169,no,2012-11-13,11169,yes,SN," mag 17,7 APM_032757    "
SSS120103:105011-150221,162.54772,-15.03924,20120103,19.26,1201030150794115302,no,11530,no,2013-07-02,11530,yes,SN," 2MASX_J105011 mag 16,2    "
SSS111231:054527-192251, 86.36079,-19.38087,20111231,20.12,1112310190414114947,no,11494,no,2013-04-04,11494,yes,Flare?, mag 20     
SSS111230:021441-265602, 33.66965,-26.93385,20111230,16.63,1112300270164113168,no,11316,no,2013-01-10,11316,yes,CV," mag 20,0     "
SSS111229:055722-363055, 89.34091,-36.51538,20111229,14.71,1112290370364134186,no,13418,no,2013-04-26,13418,yes,CV, DSS mag 21    
SSS111228:052111-222717, 80.29706,-22.45472,20111228,15.22,1112280230384129292,no,12929,no,2013-04-12,12929,yes,Flare," mag 16,2     "
SSS111226:094327-272039,145.86365,-27.34404,20111226,16.58,1112260270664120449,no,12044,no,2013-05-10,12044,yes,CV, 1RXS+J09432      
SSS111226:095030-234517,147.62393,-23.75486,20111226,14.58,1112260230694108575,no,10857,no,2013-05-10,10857,yes,CV, AG_Hya      
SSS111226:125715-172401,194.31162,-17.40015,20111226,17.58,1112260170934109620,no,10962,no,2013-06-04,10962,yes,SN," 2011jn 2MASX_J125716 mag 13,1   "
SSS111226:123916-130357,189.81577,-13.06591,20111226,19.29,1112260130934112369,yes,11236,no,2013-06-04,11236,yes,Unknown,       
SSS111224:045524-292808, 73.84883,-29.46887,20111224,19.40,1112240290334110663,no,11066,no,2013-03-24,11066,yes,AGN?,       
SSS111223:065129-410919,102.86884,-41.15514,20111223,14.16,1112230410404136060,no,13606,no,2013-04-18,13606,yes,CV," mag 18,7     "
SSS111220:025635-382521, 44.14684,-38.42258,20111220,16.00,1112200390184222098,no,22209,no,2012-11-13,22209,yes,CV?," SSS mag 19,7    "
SSS111220:030051-384553, 45.21231,-38.76465,20111220,17.98,1112200390184218822,no,21882,no,2012-11-13,21882,yes,SN," mag 17,1 LCRS_B02585    "
SSS111220:025658-360605, 44.24337,-36.10141,20111220,19.25,1112200350194201853,no,20185,no,2012-11-13,20185,yes,Unknown,       
SSS111213:055349-525045, 88.45491,-52.84594,20111213,16.95,1112130530274122438,no,12243,no,2013-04-30,12243,yes,CV," mag 20,5     "
SSS111213:054945-492156, 87.43907,-49.36559,20111213,13.99,1112130490294114130,no,11413,no,2013-04-28,11413,yes,CV, AR Pic mag 18   
SSS111213:234315-241019,355.81136,-24.17183,20111213,11.51,1112130231654100457,no,10045,no,2012-12-17,10045,yes,HPM, LHS 72     
SSS111127:215934-263955,329.89258,-26.66518,20111127,17.14,1111270271484126594,no,12659,no,2013-06-23,12659,yes,SN," mag 15,2 ESO_532-7    "
SSS111126:061701-384516, 94.25221,-38.75444,20111126,18.73,1111260390374126439,no,12643,no,2013-04-18,12643,yes,CV?,       
SSS111126:055521-383623, 88.83572,-38.60631,20111126,18.24,1111260390354128063,no,12806,no,2013-04-26,12806,yes,SN," mag 20,0     "
SSS111126:053352-342816, 83.46788,-34.47114,20111126,19.63,1111260350354127235,no,12723,no,2013-04-29,12723,yes,Unknown,       
SSS111126:052210-350530, 80.54031,-35.09175,20111126,16.37,1111260350344118177,no,11817,no,2013-04-29,11817,yes,CV," mag 18,9     "
SSS111126:052129-311159, 80.37046,-31.19963,20111126,19.50,1111260310354117123,no,11712,no,2013-04-25,11712,yes,SN," mag 20,5     "
SSS111126:031430-290153, 48.62699,-29.03145,20111126,19.04,1111260290224115853,no,11585,no,2013-03-16,11585,yes,SN, APMUKS_B031225 mag 21    
SSS111126:014719-292757, 26.83052,-29.46575,20111126,18.36,1111260290124109192,no,10919,no,2012-11-13,10919,yes,SN, mag 21     
SSS111126:203355-192925,308.47972,-19.49034,20111126,18.87,1111260191464112351,yes,11235,no,2013-06-02,11235,yes,CV?,       
SSS111118:063505-435950, 98.77192,-43.99726,20111118,16.38,1111180430374107153,no,10715,no,2013-04-18,10715,yes,Unknown," DSS mag >21,5    "
SSS111114:022728-420853, 36.86550,-42.14804,20111114,18.82,1111140410154101821,no,10182,no,2012-11-13,10182,yes,Unknown,       
SSS111114:013129-401145, 22.87155,-40.19580,20111114,18.39,1111140390094101042,no,10104,no,2013-01-05,10104,yes,Unknown," mag > 21,5    "
SSS111103:231532-304848,348.88260,-30.81344,20111103,13.25,1111030311514116363,no,11636,no,2012-12-29,11636,yes,CV," CC_Scl mag 16,8    "
SSS111102:045137-581901, 72.90428,-58.31687,20111102,15.75,1111020570214102265,no,10226,no,2012-12-18,10226,yes,HPM, 2MASS_J045137      
SSS111102:001934-341419,  4.89187,-34.23850,20111102,18.19,1111020330034100561,no,10056,no,2013-01-02,10056,yes,Var,       
SSS111102:000548-331439,  1.44901,-33.24408,20111102,19.51,1111020330014112544,no,11254,no,2013-01-05,11254,yes,SN?,       
SSS111101:033217-540942, 53.07046,-54.16174,20111101,14.86,1111010530174103528,no,10352,no,2012-11-13,10352,yes,HPM, 2MASS_J033217      
SSS111101:025740-510228, 44.41871,-51.04113,20111101,18.10,1111010510154118920,no,11892,no,2012-11-13,11892,yes,SN," 2011id 2MASX_J025739 mag 16,9   "
SSS111029:004521-332947, 11.33904,-33.49636,20111029,18.54,1110290330054108003,no,10800,no,2012-11-13,10800,yes,HPM, WD_0042-337      
SSS111027:195604-341422,299.01563,-34.23933,20111027,16.87,1110270331264101614,no,10161,no,2013-06-08,10161,yes,Unknown, mag >21     
SSS111024:201911-425426,304.79441,-42.90720,20111024,17.95,1110240431124130814,no,13081,no,2013-06-21,13081,yes,CV," mag 20,1     "
SSS111020:201257-271841,303.23632,-27.31143,20111020,19.52,1110200271364123767,no,12376,no,2013-06-08,12376,yes,Unknown,       
SSS111019:233842-371053,354.67344,-37.18129,20111019,18.79,1110190371424114180,no,11418,no,2013-07-20,11418,yes,SN," 2MASX_J233842 mag 17,4    "
SSS111019:233340-353955,353.41684,-35.66531,20111019,18.88,1110190351464107605,no,10760,no,2012-12-29,10760,yes,CV," mag >20,5     "
SSS111018:054350-330717, 85.95997,-33.12150,20111018,17.15,1110180330374117562,no,11756,no,2013-04-25,11756,yes,SN, mag 20     
SSS111017:205932-314637,314.88435,-31.77689,20111017,18.90,1110170311364108538,no,10853,no,2013-07-05,10853,yes,Unknown, mag >21     
SSS111016:220416-564728,331.06770,-56.79103,20111016,17.53,1110160570924124215,no,12421,no,2012-11-13,12421,yes,HPM, 2MASS_J220411      
SSS111015:013855-423509, 24.72726,-42.58570,20111015,16.98,1110150430104118528,no,11852,no,2013-01-05,11852,yes,SN, 2011gm (Parker)     
SSS111003:213826-493101,324.60999,-49.51705,20111003,18.32,1110030491084112681,no,11268,no,2013-07-05,11268,yes,Blazar?,       
SSS111003:002405-330651,  6.02229,-33.11404,20111003,19.50,1110030330034112466,no,11246,no,2013-01-02,11246,yes,SN/AGN," mag >21,5     "
SSS110923:054301-164012, 85.75529,-16.66993,20110923,14.90,1109230170414126096,no,12609,no,2013-04-04,12609,yes,CV," mag 18,8     "
SSS110923:050143-152325, 75.42946,-15.39020,20110923,18.12,1109230150374109691,no,10969,no,2013-03-17,10969,yes,SN, 2011gl PGC16578     
SSS110920:220224-312901,330.60072,-31.48355,20110920,19.32,1109200311434109476,no,10947,no,2013-04-20,10947,yes,SN?,       
SSS110920:215844-263421,329.68436,-26.57252,20110920,15.97,1109200271484124992,no,12499,no,2013-06-23,12499,yes,CV, mag >20     
SSS110919:205303-395749,313.26263,-39.96369,20110919,16.99,1109190391234106359,no,10635,no,2013-06-21,10635,yes,CV, mag >21     
SSS110916:004722-644748, 11.84030,-64.79663,20110916,17.54,1109160650034123625,no,12362,no,2012-11-13,12362,yes,HPM,       
SSS110916:001450-523215,  3.70646,-52.53761,20110916,16.89,1109160530024117547,no,11754,no,2012-11-13,11754,yes,CV," mag 19,5     "
SSS110916:034030-450134, 55.12307,-45.02619,20110916,17.85,1109160450204113745,no,11374,no,2013-01-07,11374,yes,CV," mag 20,5     "
SSS110905:043808-342226, 69.53242,-34.37381,20110905,17.76,1109050350294126176,no,12617,no,2013-03-24,12617,yes,SN," mag >21,5     "
SSS110905:053055-335730, 82.72748,-33.95839,20110905,16.68,1109050330354104439,no,10443,no,2013-04-25,10443,yes,CV," mag 20,5     "
SSS110905:044248-304059, 70.70064,-30.68294,20110905,17.61,1109050310314122538,no,12253,no,2013-03-24,12253,yes,SN/CV,       
SSS110904:040638-245451, 61.65670,-24.91415,20110904,17.67,1109040250284115753,no,11575,no,2013-03-16,11575,yes,CV, mag >21     
SSS110902:034833-322007, 57.13645,-32.33523,20110902,16.28,1109020330244121154,no,12115,no,2013-03-31,12115,yes,AGN?,       
SSS110901:194058-335731,295.24206,-33.95857,20110901,17.82,1109010331244112780,no,11278,no,2013-06-08,11278,yes,SN," 2MASX_J194056 mag 15,1    "
SSS110831:013230-282528, 23.12292,-28.42438,20110831,18.43,1108310290114118359,no,11835,no,2012-11-13,11835,yes,SN, mag 20     
SSS110831:234512-155508,356.30189,-15.91888,20110831,15.73,1108310151734102314,no,10231,no,2013-07-20,10231,yes,Blazar," CGRaBS_J2345 z=0,621     "
SSS110831:233212-150026,353.04815,-15.00728,20110831,18.87,1108310151714112160,no,11216,no,2013-07-20,11216,yes,Blazar, mag 21     
SSS110830:215433-353540,328.63729,-35.59436,20110830,19.89,1108300351364110473,no,11047,no,2013-04-22,11047,yes,Unknown,       
SSS110829:222530-174421,336.37649,-17.73912,20110829,19.32,1108290171614104634,no,10463,no,2013-06-03,10463,yes,Unknown,       
SSS110828:154253-165831,235.71961,-16.97528,20110828,17.99,1108280171134128870,yes,12887,no,2013-07-03,12887,yes,Comet_2011_L4,       
SSS110828:202948-155437,307.44813,-15.91035,20110828,13.31,1108280151494106766,no,10676,no,2012-11-13,10676,yes,CV," SY_Cap mag 18,1    "
SSS110828:205323-113130,313.34514,-11.52503,20110828,19.17,1108280111544111649,no,11164,no,2013-04-23,11164,yes,CV/SN,       
SSS110827:164524-231436,251.35026,-23.24322,20110827,15.16,1108270231164139999,no,13999,no,2013-05-09,13999,yes,IRAS_16423-2309, var      
SSS110826:141350-374815,213.45808,-37.80407,20110826,17.42,1108260370864115120,no,11512,no,2013-06-03,11512,yes,CV?,       
SSS110826:132434-331038,201.14080,-33.17734,20110826,16.57,1108260330854123002,no,12300,no,2013-06-16,12300,yes,Unknown,       
SSS110826:201029-144436,302.62205,-14.74329,20110826,18.78,1108260151474137475,no,13747,no,2012-11-13,13747,yes,CV?, PQ mag 21    
SSS110823:211631-360516,319.12874,-36.08784,20110823,19.59,1108230351324103446,no,10344,no,2013-04-18,10344,yes,SN," 2MASX_211629 mag 16,6    "
SSS110822:203423-315823,308.59402,-31.97318,20110822,16.89,1108220311334105396,no,10539,no,2013-06-08,10539,yes,SN, 2011ei (Parker) mag 12   
SSS110822:155549-231703,238.95615,-23.28408,20110822,17.10,1108220231114129741,no,12974,no,2013-06-02,12974,yes,CV," mag 20,5     "
SSS110805:005344-644800, 13.43344,-64.80012,20110805,17.88,1108050650034123700,no,12370,no,2012-11-13,12370,yes,RR, Lyrae?      
SSS110804:001319-554803,  3.32770,-55.80071,20110804,17.86,1108040550014108251,no,10825,no,2012-11-13,10825,yes,HPM," mag 17,8     "
SSS110804:002039-375600,  5.16426,-37.93347,20110804,19.49,1108040370034104672,no,10467,no,2013-01-03,10467,yes,SN?,       
SSS110804:000441-372153,  1.17068,-37.36465,20110804,19.12,1108040370014111615,no,11161,no,2013-01-05,11161,yes,SN," mag 17 2MFGC_00063 z=0,074   "
SSS110801:220808-525140,332.03194,-52.86112,20110801,17.81,1108010531014124973,no,12497,no,2012-11-13,12497,yes,SN," mag 17,5     "
SSS110801:123644-372903,189.18134,-37.48404,20110801,18.02,1108010370764118536,no,11853,no,2013-05-08,11853,yes,SN?, mag >22     
SSS110731:014158-275316, 25.48990,-27.88770,20110731,19.07,1107310270124103470,no,10347,no,2012-11-13,10347,yes,Unknown,       
SSS110730:144033-154523,220.13793,-15.75643,20110730,18.41,1107300151074105721,no,10572,no,2013-07-05,10572,yes,Var,       
SSS110729:223519-262638,338.83011,-26.44388,20110729,19.14,1107290271524122720,no,12272,no,2013-06-23,12272,yes,CV/Var,       
SSS110729:161221-150939,243.08872,-15.16075,20110729,15.41,1107290151184131500,yes,13150,no,2013-05-10,13150,yes,CV," mag 21,5     "
SSS110728:121929-240537,184.87248,-24.09373,20110728,18.95,1107280230864101335,no,10133,no,2013-07-01,10133,yes,SN, mag 18     
SSS110727:193459-312017,293.74768,-31.33813,20110727,17.84,1107270311274144228,no,14422,no,2013-06-08,14422,yes,CV?,       
SSS110724:135915-391452,209.81339,-39.24764,20110724,14.07,1107240390834140942,no,14094,no,2013-05-07,14094,yes,CV," 1RXS_J135915 mag 18,6    "
SSS110723:230819-314824,347.07752,-31.80663,20110723,18.42,1107230311504105438,no,10543,no,2012-11-13,10543,yes,CV?,       
SSS110723:114308-290826,175.78204,-29.14065,20110723,17.43,1107230290784116302,no,11630,no,2013-06-08,11630,yes,CV," mag 20,0     "
SSS110721:135549-323721,208.95290,-32.62246,20110721,17.24,1107210330884128508,no,12850,no,2013-06-03,12850,yes,CV, DSS mag 21    
SSS110721:153717-141124,234.31923,-14.19009,20110721,18.19,1107210151144142635,yes,14263,no,2013-07-03,14263,yes,SN?,       
SSS110721:153645-142543,234.18846,-14.42864,20110721,18.37,1107210151144140138,yes,14013,no,2013-07-03,14013,yes,CV," SDSS mag 22,9    "
SSS110720:224200-662512,340.49954,-66.42002,20110720,15.71,1107200650734101258,no,10125,no,2012-11-13,10125,yes,CV," 1RXS_J224150 mag 17,5    "
SSS110707:202249-684329,305.70301,-68.72484,20110707,13.84,1107070690574135464,no,13546,no,2013-04-25,13546,yes,Var,       
SSS110707:205335-651056,313.39522,-65.18229,20110707,14.93,1107070650684121267,no,12126,no,2012-11-13,12126,yes,Var,       
SSS110704:142552-440409,216.46586,-44.06912,20110704,15.70,1107040430804114357,no,11435,no,2013-05-07,11435,yes,CV, mag 19     
SSS110703:132157-214926,200.48727,-21.82387,20110703,18.71,1107030210944103967,yes,10396,no,2013-05-14,10396,yes,Unknown, mag 20     
SSS110702:211613-253252,319.05597,-25.54782,20110702,18.70,1107020251454111293,no,11129,no,2013-05-14,11129,yes,Unknown,       
SSS110702:205325-223637,313.35561,-22.61033,20110702,19.05,1107020231454130926,no,13092,no,2013-06-08,13092,yes,Unknown,       
SSS110702:215038-215719,327.65732,-21.95521,20110702,17.63,1107020211534103160,no,10316,no,2013-06-02,10316,yes,CV," DSS mag 20,5    "
SSS110701:112504-214221,171.26543,-21.70592,20110701,19.14,1107010210804106338,no,10633,no,2013-06-21,10633,yes,AGN?,       
SSS110701:104301-091236,160.75540, -9.21013,20110701,13.06,1107010090804110638,no,11063,no,2013-06-11,11063,yes,HPM, 2MASS_104302      
SSS110628:102019-300035,155.07756,-30.00980,20110628,16.82,1106280290694104298,no,10429,no,2013-06-16,10429,yes,CV," mag 19,5     "
SSS110627:125848-234009,194.69997,-23.66925,20110627,19.64,1106270230904107887,no,10788,no,2013-07-21,10788,yes,AGN?,       
SSS110627:093959-203248,144.99761,-20.54679,20110627,16.93,1106270210684130276,no,13027,no,2013-06-11,13027,yes,CV," mag 19,3     "
SSS110626:201404-540625,303.51586,-54.10695,20110626,17.39,1106260530924107663,no,10766,no,2013-07-03,10766,yes,CV," DSS mag 20,0    "
SSS110626:234126-314903,355.35761,-31.81748,20110626,19.44,1106260311544105461,no,10546,no,2013-01-03,10546,yes,SN?,       
SSS110626:230854-294360,347.22375,-29.73328,20110626,17.14,1106260291534106694,no,10669,no,2012-11-13,10669,yes,CV," mag 20,5     "
SSS110625:194030-633056,295.12529,-63.51569,20110625,14.96,1106250630694126037,no,12603,no,2013-04-16,12603,yes,AGN/Var," mag 15,0     "
SSS110625:192244-614358,290.68268,-61.73289,20110625,13.90,1106250610724122502,no,12250,no,2013-04-11,12250,yes,AGN,       
SSS110625:185450-570445,283.70935,-57.07926,20110625,15.79,1106250570794153438,no,15343,no,2013-06-04,15343,yes,HPM,       
SSS110625:233333-390507,353.38621,-39.08533,20110625,19.69,1106250391394116805,no,11680,no,2013-07-20,11680,yes,Var,       
SSS110625:134457-293738,206.23746,-29.62728,20110625,18.74,1106250290914113676,no,11367,no,2013-07-02,11367,yes,SN?,       
SSS110625:100353-241648,150.96992,-24.27991,20110625,17.85,1106250250694133820,no,13382,no,2013-05-10,13382,yes,Unknown,       
SSS110625:142106-224859,215.27468,-22.81643,20110625,19.07,1106250231004126318,yes,12631,no,2013-07-01,12631,yes,CV?, SDSS mag 22    
SSS110624:195908-531645,299.78508,-53.27918,20110624,17.81,1106240530914127653,no,12765,no,2013-07-03,12765,yes,CV," DSS mag >21,5    "
SSS110624:193511-531746,293.79769,-53.29598,20110624,16.42,1106240530894133708,no,13370,no,2013-06-21,13370,yes,CV," mag 19,0     "
SSS110624:101352-331043,153.46789,-33.17850,20110624,15.88,1106240330654124141,no,12414,no,2013-06-16,12414,yes,Mira, IRAS_10116      
SSS110623:193703-243254,294.26332,-24.54823,20110623,17.47,1106230251344157054,no,15705,no,2013-06-02,15705,yes,CV, DSS mag >21    
SSS110622:122120-302522,185.33473,-30.42274,20110622,17.60,1106220310804132846,no,13284,no,2013-06-08,13284,yes,CV," DSS mag 20,0    "
SSS110622:122106-320102,185.27505,-32.01728,20110622,19.18,1106220310804103970,no,10397,no,2013-06-08,10397,yes,Unknown,       
SSS110622:202238-190534,305.65657,-19.09280,20110622,18.50,1106220191454120264,no,12026,no,2013-05-04,12026,yes,CV," DSS mag 20,5    "
SSS110622:201025-170230,302.60215,-17.04170,20110622,16.17,1106220171454124875,no,12487,no,2013-05-03,12487,yes,CV," DSS mag 20,5    "
SSS110610:234531-075646,356.38017, -7.94611,20110610,17.44,1106100071774101678,yes,10167,no,2013-07-21,10167,yes,SN," 2011ev SDSS mag 16,7   "
SSS110606:112746-321256,171.94120,-32.21549,20110606,18.79,1106060310754100949,no,10094,no,2013-05-07,10094,yes,AGN?,       
SSS110606:091937-055519,139.90253, -5.92205,20110606,16.30,1106060050704101548,no,10154,no,2013-05-20,10154,yes,CV," Galex_27364 DSS mag 20,5   "
SSS110605:221201-114128,333.00589,-11.69100,20110605,13.23,1106050111634104983,no,10498,no,2013-04-17,10498,yes,Neptune, reflection      
SSS110603:143002-402334,217.50711,-40.39278,20110603,17.27,1106030410834185010,no,18501,no,2013-05-14,18501,yes,CV, DSS mag 21    
SSS110528:211213-663804,318.05403,-66.63451,20110528,14.71,1105280670644129760,no,12976,no,2012-11-13,12976,yes,CV," mag 18,8     "
SSS110528:111443-423537,168.67803,-42.59366,20110528,16.86,1105280430624162355,no,16235,no,2013-05-02,16235,yes,CV, mag 19     
SSS110528:110703-433146,166.76274,-43.52942,20110528,16.55,1105280430624131098,no,13109,no,2013-05-02,13109,yes,CV," mag 19,5     "
SSS110528:112644-382844,171.68373,-38.47884,20110528,18.00,1105280390684153632,no,15363,no,2013-05-02,15363,yes,CV," DSS mag 20,5    "
SSS110527:135454-295949,208.72462,-29.99692,20110527,19.49,1105270290924105359,no,10535,no,2013-07-02,10535,yes,Unknown,       
SSS110527:104517-251532,161.32182,-25.25901,20110527,19.24,1105270250744114090,no,11409,no,2013-06-18,11409,yes,SN?,       
SSS110526:204247-604523,310.69686,-60.75643,20110526,17.63,1105260610764132463,no,13246,no,2013-04-11,13246,yes,CV?,       
SSS110526:195648-603430,299.20004,-60.57491,20110526,15.92,1105260610744134078,no,13407,no,2013-04-11,13407,yes,Var, V348_Pav      
SSS110526:201308-601412,303.28421,-60.23666,20110526,18.41,1105260590804104726,no,10472,no,2013-04-11,10472,yes,SN, mag > 21    
SSS110525:185617-555849,284.07245,-55.98016,20110525,13.35,1105250550834118073,no,11807,no,2013-06-04,11807,yes,AGN,       
SSS110525:192806-463143,292.02538,-46.52859,20110525,18.40,1105250471014167838,no,16783,no,2013-06-21,16783,yes,Unknown,       
SSS110525:124508-381322,191.28244,-38.22281,20110525,14.16,1105250370774102570,no,10257,no,2013-05-08,10257,yes,CV, mag 18     
SSS110525:141518-352744,213.82430,-35.46224,20110525,18.06,1105250350884125969,no,12596,no,2013-06-03,12596,yes,CV," mag >21,5     "
SSS110520:095340-141560,148.41604,-14.26653,20110520,18.30,1105200150724130647,no,13064,no,2013-05-31,13064,yes,CV/SN,       
SSS110515:092151-295737,140.46053,-29.96014,20110515,16.14,1105150290624104807,no,10480,no,2013-05-09,10480,yes,CV, DSS mag >21    
SSS110515:202731-224002,306.87984,-22.66713,20110515,13.08,1105150231424130663,yes,13066,no,2013-06-02,13066,yes,CV," mag 18,1     "
SSS110515:210357-214727,315.98613,-21.79084,20110515,16.11,1105150211484107545,no,10754,no,2013-05-14,10754,yes,CV," mag 19,2     "
SSS110510:142118-433725,215.32551,-43.62357,20110510,18.11,1105100430794137852,no,13785,no,2013-05-07,13785,yes,Unknown,       
SSS110509:134330-203235,205.87379,-20.54297,20110509,15.25,1105090210974119899,no,11989,no,2013-05-31,11989,yes,CV," mag 19,8     "
SSS110509:113219-213943,173.07917,-21.66205,20110509,16.17,1105090210814107283,no,10728,no,2013-07-05,10728,yes,CV," mag 20,1     "
SSS110509:112842-220719,172.17475,-22.12188,20110509,18.40,1105090210814100792,no,10079,no,2013-07-05,10079,yes,Flare,       
SSS110506:161658-245647,244.24166,-24.94638,20110506,17.84,1105060251114146603,no,14660,no,2013-06-02,14660,yes,CV," PQ mag >21,5    "
SSS110505:191914-660919,289.80664,-66.15531,20110505,15.65,1105050650634108881,no,10888,no,2013-04-16,10888,yes,HPM," L_2_3064 mag 15,7    "
SSS110504:150155-400823,225.47813,-40.13960,20110504,17.52,1105040390894109135,no,10913,no,2013-03-16,10913,yes,CV?," DSS mag 20,5    "
SSS110504:101240-325831,153.16732,-32.97536,20110504,18.27,1105040330654130718,no,13071,no,2013-06-16,13071,yes,Var, 1RXS_J101239      
SSS110504:173635-080739,264.14599, -8.12763,20110504,14.89,1105040091304185201,no,18520,no,2013-05-04,18520,yes,Var,       
SSS110503:054655-635427, 86.72932,-63.90743,20110503,15.96,1105030630214123226,no,12322,no,2012-12-30,12322,yes,RRlyrae?,       
SSS110503:204711-355448,311.79533,-35.91344,20110503,18.66,1105030351294106544,no,10654,no,2013-07-05,10654,yes,SN," DSS mag 17,6    "
SSS110503:202538-352629,306.40714,-35.44141,20110503,18.00,1105030351264118349,no,11834,no,2013-06-08,11834,yes,CV," DSS mag 20,5    "
SSS110503:112452-355437,171.21623,-35.91015,20110503,12.25,1105030350714109304,no,10930,no,2013-05-07,10930,yes,CV," V442_Cen mag 15,8    "
SSS110429:182618-645337,276.57649,-64.89352,20110429,17.26,1104290650604139397,no,13939,no,2013-04-16,13939,yes,CV?, DSS mag >21    
SSS110429:184510-635741,281.29059,-63.96141,20110429,13.69,1104290630654113506,no,11350,no,2013-04-16,11350,yes,HPM, SCR_J1845-6357A      
SSS110429:183300-603829,278.24902,-60.64127,20110429,15.16,1104290610694144162,no,14416,no,2013-06-04,14416,yes,HPM,       
SSS110429:141949-420727,214.95222,-42.12406,20110429,18.36,1104290410824107938,no,10793,no,2013-05-07,10793,yes,CV?, DSS mag 21    
SSS110429:113910-420045,174.79078,-42.01251,20110429,17.69,1104290410674108075,no,10807,no,2013-05-02,10807,yes,CV," DSS mag >21,5    "
SSS110429:100701-394054,151.75500,-39.68176,20110429,18.13,1104290390604122412,no,12241,no,2013-05-02,12241,yes,CV, DSS mag >21    
SSS110429:101103-344224,152.76240,-34.70661,20110429,13.45,1104290350634142946,no,14294,no,2013-06-16,14294,yes,Mira,       
SSS110429:095637-354835,149.15248,-35.80974,20110429,18.87,1104290350624113068,no,11306,no,2013-05-14,11306,yes,CV?,       
SSS110428:191831-662903,289.62797,-66.48430,20110428,15.52,1104280650624101945,no,10194,no,2013-04-16,10194,yes,AGN,       
SSS110428:185417-572705,283.56970,-57.45148,20110428,12.83,1104280570794135901,no,13590,no,2013-06-04,13590,yes,Var,       
SSS110428:060149-510741, 90.45582,-51.12804,20110428,16.39,1104280510294117713,no,11771,no,2013-04-30,11771,yes,CV, mag 20     
SSS110428:060246-330133, 90.69159,-33.02587,20110428,18.08,1104280330394119279,no,11927,no,2013-04-16,11927,yes,SN," mag 20,5     "
SSS110427:193526-381547,293.85880,-38.26309,20110427,18.34,1104270371184101533,no,10153,no,2013-06-16,10153,yes,CV?,       
SSS110426:071957-491047,109.98833,-49.17968,20110426,17.60,1104260490374129897,no,12989,no,2013-04-28,12989,yes,Flare,       
SSS110425:183854-543959,279.72530,-54.66627,20110425,16.98,1104250550814172160,no,17216,no,2013-06-04,17216,yes,SN?," z=0,1477      "
SSS110425:182839-560825,277.16365,-56.14014,20110425,13.09,1104250550814112798,no,11279,no,2013-06-04,11279,yes,Mira, XY_Tel      
SSS110425:113409-230538,173.53579,-23.09379,20110425,18.97,1104250230814115577,no,11557,no,2013-07-05,11557,yes,SN," mag >21,5     "
SSS110424:061513-235131, 93.80385,-23.85853,20110424,16.96,1104240230444107804,no,10780,no,2013-05-10,10780,yes,CV, mag 20     
SSS110424:144418-201947,221.07481,-20.32976,20110424,16.52,1104240211044130695,no,13069,no,2013-07-05,13069,yes,HPM, 2MASS_J144420      
SSS110424:123317-202900,188.32275,-20.48343,20110424,19.21,1104240210884125107,no,12510,no,2013-06-04,12510,yes,CV?, mag 20     
SSS110424:061226-205601, 93.10903,-20.93366,20110424,18.40,1104240210444128021,no,12802,no,2013-05-11,12802,yes,CV?, mag >21     
SSS110424:053515-053805, 83.81265, -5.63483,20110424,15.31,1104240050424107158,yes,10715,no,2012-11-13,10715,yes,Var, V0409_Ori      
SSS110423:131104-414622,197.76471,-41.77278,20110423,15.23,1104230410764119557,no,11955,no,2013-05-06,11955,yes,CV," DSS mag 21,5    "
SSS110423:122926-363936,187.35691,-36.65993,20110423,18.03,1104230370754146621,no,14662,no,2013-05-10,14662,yes,CV?,       
SSS110422:142508-351056,216.28247,-35.18218,20110422,18.40,1104220350894126330,no,12633,no,2013-06-03,12633,yes,Var,       
SSS110422:113501-342704,173.75571,-34.45100,20110422,17.62,1104220350724134749,no,13474,no,2013-05-07,13474,yes,SN," mag 15,2 z=0,032    "
SSS110414:105442-312046,163.67660,-31.34615,20110414,18.88,1104140310714114260,no,11426,no,2013-06-16,11426,yes,CV," mag >21,5     "
SSS110413:204618-312128,311.57480,-31.35787,20110413,15.74,1104130311354117008,no,11700,no,2013-07-05,11700,yes,CV," mag 19,5     "
SSS110413:211058-125441,317.74181,-12.91130,20110413,17.73,1104130131554120190,no,12019,no,2013-05-09,12019,yes,CV, mag 20     
SSS110409:112112-130843,170.29984,-13.14538,20110409,19.14,1104090130834115155,yes,11515,no,2013-07-03,11515,yes,AGN?," SDSS mag 19,5    "
SSS110408:092858-144821,142.23998,-14.80582,20110408,14.64,1104080150694119563,no,11956,no,2013-06-08,11956,yes,SN," 2011at (Cox) mag 13,4   "
SSS110408:141002-124809,212.50940,-12.80262,20110408,17.70,1104080131044119527,yes,11952,no,2013-07-05,11952,yes,CV," mag 20,5     "
SSS110408:095830-105315,149.62588,-10.88752,20110408,18.73,1104080110744116779,no,11677,no,2013-05-31,11677,yes,SN, 2011R (CSS) mag 17   
SSS110407:094159-250705,145.49378,-25.11807,20110407,15.68,1104070250664118235,no,11823,no,2013-05-09,11823,yes,CV," mag 20,5     "
SSS110407:085024-235811,132.60065,-23.96963,20110407,16.22,1104070230624106663,no,10666,no,2013-05-04,10666,yes,CV, mag 20     
SSS110406:092952-320103,142.46742,-32.01741,20110406,16.62,1104060310624107165,no,10716,no,2013-05-14,10716,yes,CV," DSS mag >21,5    "
SSS110406:091558-304726,138.99318,-30.79069,20110406,17.20,1104060310604149568,no,14956,no,2013-05-09,14956,yes,CV," mag 20,8     "
SSS110405:103130-423343,157.87586,-42.56185,20110405,16.80,1104050430584174640,no,17464,no,2013-05-02,17464,yes,CV, mag >21     
SSS110405:114137-272653,175.40584,-27.44816,20110405,19.22,1104050270794112679,no,11267,no,2013-06-21,11267,yes,CV?,       
SSS110403:132411-363701,201.04525,-36.61698,20110403,17.58,1104030370814150202,no,15020,no,2013-06-16,15020,yes,CV, mag 21     
SSS110403:132901-365859,202.25376,-36.98295,20110403,16.39,1104030370814139924,no,13992,no,2013-06-16,13992,yes,CV," mag >21,5     "
SSS110402:044213-484413, 70.55238,-48.73684,20110402,17.33,1104020490244119382,no,11938,no,2013-04-11,11938,yes,SN," 2011bx mag 18,5    "
SSS110402:045959-473808, 74.99726,-47.63569,20110402,15.58,1104020470264107575,no,10757,no,2013-04-09,10757,yes,CV," mag 19,8     "
SSS110328:061757-254504, 94.48575,-25.75119,20110328,15.82,1103280250434110353,no,11035,no,2013-05-10,11035,yes,CV," mag 20,5     "
SSS110327:142021-372039,215.08891,-37.34408,20110327,15.92,1103270370874132468,no,13246,no,2013-06-03,13246,yes,CV," mag 19,3     "
SSS110327:112815-344807,172.06400,-34.80205,20110327,15.99,1103270350714129765,no,12976,no,2013-05-07,12976,yes,CV," mag 19,0     "
SSS110324:054932-215529, 87.38402,-21.92481,20110324,17.01,1103240210414104427,no,10442,no,2013-04-12,10442,yes,CV, mag 21     
SSS110314:131254-472809,198.22536,-47.46903,20110314,16.41,1103140470694141094,no,14109,no,2013-04-09,14109,yes,HPM, ER_8      
SSS110314:102706-434341,156.77428,-43.72815,20110314,15.05,1103140430584122148,no,12214,no,2013-05-02,12214,yes,CV," SSS mag 18,2    "
SSS110314:102233-394343,155.63738,-39.72864,20110314,16.97,1103140390614116481,no,11648,no,2013-05-02,11648,yes,CV?, mag >21     
SSS110313:121626-431922,184.10957,-43.32264,20110313,14.19,1103130430684136364,no,13636,no,2013-05-10,13636,yes,SN, 2011am (Parker)     
SSS110313:121653-400235,184.21894,-40.04317,20110313,17.44,1103130390734107879,no,10787,no,2013-05-10,10787,yes,CV," mag 20,5     "
SSS110313:092826-234804,142.10943,-23.80110,20110313,18.73,1103130230664108404,no,10840,no,2013-05-09,10840,yes,CV?,       
SSS110312:084128-231726,130.36655,-23.29042,20110312,16.98,1103120230614231857,no,23185,no,2013-05-04,23185,yes,SN/CV,       
SSS110307:063755-570241, 99.47780,-57.04465,20110307,14.29,1103070570284124381,no,12438,no,2013-05-03,12438,yes,CV, mag 20     
SSS110306:060528-300529, 91.36784,-30.09126,20110306,19.33,1103060290414102447,no,10244,no,2013-04-16,10244,yes,CV, SSS mag >20    
SSS110306:102032-173056,155.13357,-17.51548,20110306,19.39,1103060170754108279,no,10827,no,2013-07-02,10827,yes,SN?, mag >21     
SSS110224:072836-404823,112.14967,-40.80651,20110224,18.35,1102240410434157291,no,15729,no,2013-03-29,15729,yes,Unknown,       
SSS110224:033350-282244, 53.45750,-28.37879,20110224,15.06,1102240290244121885,no,12188,no,2013-03-16,12188,yes,CV," mag 17,9     "
SSS110223:095935-354718,149.89418,-35.78820,20110223,18.07,1102230350624114180,no,11418,no,2013-05-14,11418,yes,CV, mag >20     
SSS110222:054119-352415, 85.32861,-35.40411,20110222,13.98,1102220350364110468,no,11046,no,2013-04-29,11046,yes,CV," mag 17,7     "
SSS110210:094840-345138,147.16647,-34.86042,20110210,14.53,1102100350614147826,no,14782,no,2013-05-14,14782,yes,CV," SSS mag 18,1    "
SSS110210:093354-220517,143.47602,-22.08809,20110210,18.92,1102100210674101887,no,10188,no,2013-06-11,10188,yes,SN, mag 18     
SSS110203:101217-182411,153.07228,-18.40301,20110203,16.15,1102030190734123063,no,12306,no,2013-07-02,12306,yes,CV," mag 19,4     "
SSS110201:092341-215809,140.92247,-21.96922,20110201,18.51,1102010210664104575,no,10457,no,2013-06-11,10457,yes,CV?, mag 22     
SSS110131:053535-534833, 83.89597,-53.80905,20110131,16.59,1101310530264110638,no,11063,no,2013-04-11,11063,yes,CV," mag 19,6     "
SSS110131:124435-312441,191.14533,-31.41138,20110131,18.64,1101310310834117008,no,11700,no,2013-06-08,11700,yes,SN/AGN," mag 20,5     "
SSS110129:023159-481360, 37.99403,-48.23330,20110129,18.45,1101290470144101402,no,10140,no,2012-11-13,10140,yes,AGN?,       
SSS110127:101418-350534,153.57701,-35.09268,20110127,19.24,1101270350644130223,no,13022,no,2013-06-16,13022,yes,Var/CV,       
SSS110127:095916-352936,149.81539,-35.49334,20110127,13.55,1101270350624125606,no,12560,no,2013-05-14,12560,yes,LPV,       
SSS110127:100028-341426,150.11861,-34.24050,20110127,19.49,1101270330634101197,no,10119,no,2013-05-14,10119,yes,Unknown,       
SSS110127:031354-273649, 48.47400,-27.61350,20110127,18.74,1101270270224106139,no,10613,no,2013-03-16,10613,yes,Flare," mag 20,5     "
SSS110127:021409-242102, 33.53607,-24.35045,20110127,16.53,1101270250164117644,no,11764,no,2013-01-10,11764,yes,SN," mag 18,5     "
SSS110126:054334-351734, 85.88966,-35.29271,20110126,14.61,1101260350364117939,no,11793,no,2013-04-29,11793,yes,CV," mag 18,7     "
SSS110126:055646-331027, 89.19291,-33.17403,20110126,17.37,1101260330384121960,no,12196,no,2013-04-16,12196,yes,LMXB," MAXI_J0556-332 mag 19,5    "
SSS110125:103550-424610,158.95675,-42.76938,20110125,16.63,1101250430594155311,no,15531,no,2013-05-02,15531,yes,CV, mag 20     
SSS110125:073918-413635,114.82411,-41.60978,20110125,17.04,1101250410444132727,no,13272,no,2013-03-16,13272,yes,CV?,       
SSS110125:105402-395101,163.50678,-39.85038,20110125,16.33,1101250390654111353,no,11135,no,2013-05-02,11135,yes,CV?,       
SSS110123:053012-285022, 82.55116,-28.83952,20110123,15.56,1101230290374118382,no,11838,no,2013-04-25,11838,yes,CV," mag 19,5     "
SSS110123:051121-255306, 77.83847,-25.88497,20110123,16.58,1101230250364103879,no,10387,no,2013-04-12,10387,yes,SN," 2MASX_J05112117-2552586 mag 17,0    "
SSS110106:032148-503559, 50.45162,-50.59961,20110106,16.81,1101060510164118128,no,11812,no,2012-11-13,11812,yes,CV," mag 20,5     "
SSS110106:053121-201940, 82.83803,-20.32784,20110106,16.74,1101060210394131820,no,13182,no,2013-04-12,13182,yes,CV?," mag 19,5     "
SSS110101:103109-350150,157.78779,-35.03064,20110101,18.05,1101010350654135029,no,13502,no,2013-06-16,13502,yes,CV," mag >20,5     "
SSS101231:054958-535924, 87.49124,-53.99008,20101231,17.75,1012310530274106746,no,10674,no,2013-04-30,10674,yes,SN?,       
SSS101230:012815-365006, 22.06066,-36.83496,20101230,18.68,1012300370094113428,no,11342,no,2013-01-05,11342,yes,Unknown,       
SSS101230:000236-304352,  0.64793,-30.73121,20101230,17.76,1012300310014116230,no,11623,no,2013-01-02,11623,yes,SN," 2010lr 2MASX_J00023401-3044061 mag 16,2 z=0,06  "
SSS101229:040716-374039, 61.81530,-37.67756,20101229,19.84,1012290370254106802,no,10680,no,2013-04-09,10680,yes,SN/Var,       
SSS101229:001951-314224,  4.96155,-31.70658,20101229,19.29,1012290310034105743,no,10574,no,2013-01-02,10574,yes,Unknown,       
SSS101214:053159-482736, 82.99417,-48.45996,20101214,16.44,1012140490284129735,no,12973,no,2013-05-09,12973,yes,Blazar, PMN_J0531-4827      
SSS101214:003822-314421,  9.59155,-31.73929,20101214,18.58,1012140310054104262,no,10426,no,2012-11-13,10426,yes,Unknown,       
SSS101212:072147-520056,110.44562,-52.01566,20101212,16.35,1012120510354109409,no,10940,no,2013-04-29,10940,yes,CV," mag 20,5     "
SSS101212:071348-484511,108.45126,-48.75292,20101212,18.17,1012120490364140636,no,14063,no,2013-04-28,14063,yes,CV," mag 21,5     "
SSS101212:032535-340317, 51.39543,-34.05483,20101212,19.47,1012120330224102310,no,10231,no,2012-12-16,10231,yes,AGN/SN,       
SSS101211:030504-194040, 46.26486,-19.67765,20101211,18.03,1012110190224105151,no,10515,no,2013-03-06,10515,yes,SN, mag > 21    
SSS101126:024608-633546, 41.53138,-63.59610,20101126,14.28,1011260630104109927,no,10992,no,2012-12-30,10992,yes,CV," RU_Hor mag 19,4    "
SSS101126:022822-554603, 37.08998,-55.76746,20101126,17.95,1011260550114107524,no,10752,no,2012-11-13,10752,yes,Blazar," PKS_0226-559 mag 19,5    "
SSS101124:215637-632655,329.15518,-63.44868,20101124,16.59,1011240630764115180,no,11518,no,2013-04-25,11518,yes,CV?,       
SSS101111:104532-320335,161.38380,-32.05973,20101111,17.29,1011110310704103047,no,10304,no,2013-06-16,10304,yes,CV, mag >21     
SSS101111:053915-295127, 84.81133,-29.85756,20101111,19.48,1011110290384105569,no,10556,no,2013-04-25,10556,yes,Unknown,       
SSS101103:194951-471439,297.46393,-47.24417,20101103,17.48,1011030471034130750,no,13075,no,2013-07-03,13075,yes,CV, mag 21     
SSS101101:002709-522140,  6.78650,-52.36110,20101101,18.73,1011010510034100344,no,10034,no,2012-11-13,10034,yes,AGN?,       
SSS101101:201248-371941,303.20189,-37.32813,20101101,17.35,1011010371224118477,no,11847,no,2013-06-21,11847,yes,Blazar,       
SSS101028:020229-480348, 30.62081,-48.06340,20101028,19.21,1010280470114103162,no,10316,no,2012-11-13,10316,yes,AGN?,       
SSS101027:231143-290601,347.92894,-29.10033,20101027,18.73,1010270291534114078,no,11407,no,2012-11-13,11407,yes,SN, mag 17     
SSS101018:030415-294760, 46.06051,-29.79992,20101018,19.20,1010180290214104995,no,10499,no,2013-03-16,10499,yes,Var,       
SSS101006:011615-303245, 19.06091,-30.54595,20101006,18.85,1010060310094124072,no,12407,no,2012-11-13,12407,yes,SN," 2010in 2dFGRS_S375Z040 z=0,0356 mag 17,7  "
SSS101005:001946-360158,  4.94138,-36.03287,20101005,19.66,1010050350034102694,no,10269,no,2013-01-02,10269,yes,AGN?,       
SSS101004:201132-454158,302.88164,-45.69938,20101004,16.31,1010040451084116102,no,11610,no,2013-06-16,11610,yes,SN, 2010im mag 18    
SSS101004:194022-440541,295.09123,-44.09468,20101004,17.56,1010040431094106910,no,10691,no,2013-06-16,10691,yes,CV, mag >21     
SSS101004:191616-392330,289.06476,-39.39177,20101004,18.14,1010040391144136803,no,13680,no,2013-06-16,13680,yes,CV," mag 19,5     "
SSS100929:202720-283242,306.83177,-28.54494,20100929,18.64,1009290291354132819,no,13281,no,2013-06-08,13281,yes,SN?,       
SSS100928:032432-522047, 51.13516,-52.34631,20100928,14.40,1009280510174100782,no,10078,no,2012-11-13,10078,yes,HPM, 2MASS_J03243298-5220393      
SSS100928:033415-495327, 53.56183,-49.89081,20100928,15.89,1009280490184104753,no,10475,no,2012-11-13,10475,yes,HPM, 2MASS_J03341218-4953322      
SSS100927:163325-165427,248.35414,-16.90741,20100927,17.22,1009270171194133335,no,13333,no,2013-05-09,13333,yes,CV, SSS 20     
SSS100917:215122-274223,327.84119,-27.70636,20100917,16.80,1009170271474106425,no,10642,no,2013-04-20,10642,yes,Blazar," mag 19,8 z=1,485 QZ_J215121   "
SSS100911:222416-292422,336.06773,-29.40604,20100911,14.60,1009110291484111994,no,11199,no,2013-06-23,11199,yes,CV," 2QZ_J222416 mag 19,4    "
SSS100910:014718-400559, 26.82438,-40.09983,20100910,19.69,1009100390114102260,no,10226,no,2013-01-05,10226,yes,Var/AGN,       
SSS100910:013248-383054, 23.19983,-38.51498,20100910,18.28,1009100390104122638,no,12263,no,2013-01-05,12263,yes,AGN,       
SSS100910:223028-323857,337.61809,-32.64920,20100910,19.24,1009100331424121052,no,12105,no,2013-04-26,12105,yes,Var,       
SSS100906:204523-453139,311.34512,-45.52762,20100906,16.40,1009060451114116568,no,11656,no,2013-06-21,11656,yes,CV," mag 19,5     "
SSS100906:211700-441636,319.24877,-44.27662,20100906,18.30,1009060431184101321,no,10132,no,2013-06-21,10132,yes,AGN," mag 18,4     "
SSS100901:191905-445643,289.77286,-44.94518,20100901,16.72,1009010451044150689,no,15068,no,2013-06-16,15068,yes,CV," mag 20,5     "
SSS100831:205437-541810,313.65229,-54.30282,20100831,15.98,1008310530954101791,no,10179,no,2013-07-05,10179,yes,CV, mag 19     
SSS100831:192201-481432,290.50579,-48.24217,20100831,17.61,1008310471014104468,no,10446,no,2013-06-21,10446,yes,CV, mag 21     
SSS100829:022138-261952, 35.40767,-26.33114,20100829,16.85,1008290270164113396,no,11339,no,2013-01-10,11339,yes,CV," mag 19,5     "
SSS100821:165332-050957,253.38291, -5.16584,20100821,18.61,1008210051264118964,yes,11896,no,2012-11-13,11896,yes,Unknown, SDSS mag >22    
SSS100813:202603-320815,306.51245,-32.13755,20100813,15.77,1008130311324102495,no,10249,no,2013-06-08,10249,yes,CV, mag 20     
SSS100813:233535-143730,353.89749,-14.62495,20100813,19.24,1008130151724117806,no,11780,no,2013-07-20,11780,yes,SN?,       
SSS100813:233447-125036,353.69773,-12.84336,20100813,18.59,1008130131724110492,no,11049,no,2013-07-20,11049,yes,SN, 2010ht mag 22    
SSS100808:205747-343952,314.44701,-34.66437,20100808,18.32,1008080351304132721,no,13272,no,2013-07-05,13272,yes,Flare," mag 19,3     "
SSS100808:143921-233206,219.83581,-23.53506,20100808,19.16,1008080231024113941,no,11394,no,2013-07-01,11394,yes,SN," mag 18,5     "
SSS100807:221923-365824,334.84651,-36.97347,20100807,18.02,1008070371344116902,no,11690,no,2013-07-20,11690,yes,SN," 2010gu mag 18,3 2MASX_J22192259-3658278 z=0,056  "
SSS100806:195007-323709,297.52811,-32.61913,20100806,17.25,1008060331254152227,no,15222,no,2013-06-08,15222,yes,CV, mag >20     
SSS100805:194428-420209,296.11597,-42.03570,20100805,16.29,1008050411134108460,no,10846,no,2013-06-16,10846,yes,CV," mag 19,5     "
SSS100804:155825-252817,239.60425,-25.47149,20100804,18.48,1008040251094129182,no,12918,no,2013-06-02,12918,yes,SN/CV, mag >20     
SSS100804:163911-235804,249.79616,-23.96786,20100804,13.07,1008040231164103992,no,10399,no,2013-05-09,10399,yes,Mira?,       
SSS100722:184833-625322,282.13609,-62.88932,20100722,16.98,1007220630664145391,no,14539,no,2013-04-16,14539,yes,CV," mag 20,5     "
SSS100720:200044-343627,300.18143,-34.60743,20100720,17.19,1007200351244139148,no,13914,no,2013-06-08,13914,yes,CV, mag 21     
SSS100720:125000-075460,192.50068, -7.91665,20100720,16.95,1007200070964102024,no,10202,no,2012-12-29,10202,yes,SN, 2010go mag 17    
SSS100717:213356-273140,323.48159,-27.52784,20100717,18.63,1007170271454110069,no,11006,no,2013-04-20,11006,yes,CV?, mag 21     
SSS100717:141850-243305,214.70659,-24.55136,20100717,16.01,1007170250984136247,no,13624,no,2013-07-01,13624,yes,CV," mag 20,5     "
SSS100717:142112-194016,215.30138,-19.67117,20100717,18.94,1007170191024108934,yes,10893,no,2013-05-31,10893,yes,SN," SDSS mag 22,1    "
SSS100716:234116-390847,355.31501,-39.14626,20100716,18.84,1007160391404113304,no,11330,no,2013-01-05,11330,yes,CV, mag 20     
SSS100716:224940-270653,342.41640,-27.11475,20100716,12.65,1007160271544113536,no,11353,no,2013-06-23,11353,yes,CV," TY_PsA SSS mag 15,9   "
SSS100715:113218-301952,173.07590,-30.33116,20100715,14.09,1007150310754130644,no,13064,no,2013-05-07,13064,yes,Var," TWA_30 SSS mag 15,5   "
SSS100709:131434-363507,198.64258,-36.58515,20100709,18.57,1007090370804136723,no,13672,no,2013-06-16,13672,yes,CV?, mag >21     
SSS100708:104714-370052,161.81007,-37.01432,20100708,17.69,1007080370654125427,no,12542,no,2013-05-02,12542,yes,CV," DSS mag 20,5    "
SSS100708:134056-263158,205.23454,-26.53274,20100708,18.90,1007080270924124280,no,12428,no,2013-07-02,12428,yes,Unknown,       
SSS100704:202839-521845,307.16060,-52.31252,20100704,15.87,1007040510984101585,no,10158,no,2013-07-03,10158,yes,CV," KK_Tel mag 19,5    "
SSS100704:100701-393908,151.75586,-39.65222,20100704,18.28,1007040390604120865,no,12086,no,2013-05-02,12086,yes,CV," mag 20,5     "
SSS100704:101434-364921,153.64107,-36.82239,20100704,17.36,1007040370624139505,no,13950,no,2013-05-02,13950,yes,CV, mag 21     
SSS100704:194928-353109,297.36867,-35.51906,20100704,16.51,1007040351234123946,no,12394,no,2013-06-08,12394,yes,CV," mag 20,5     "
SSS100704:193244-355606,293.18237,-35.93487,20100704,18.96,1007040351214111969,no,11196,no,2013-06-16,11196,yes,CV/Var,       
SSS100704:144041-321202,220.17243,-32.20068,20100704,17.96,1007040310954101255,no,10125,no,2013-06-03,10125,yes,CV, mag >21     
SSS100703:134740-375036,206.91855,-37.84343,20100703,17.29,1007030370834108125,no,10812,no,2013-06-16,10812,yes,Blazar,       
SSS100618:135549-323722,208.95308,-32.62269,20100618,18.12,1006180330884134672,no,13467,no,2013-06-03,13467,yes,CV, mag 21     
SSS100618:134018-303522,205.07668,-30.58937,20100618,16.22,1006180310894130152,no,13015,no,2013-06-16,13015,yes,CV?, DSS mag 21    
SSS100618:135147-291217,207.94515,-29.20485,20100618,17.63,1006180290924118225,no,11822,no,2013-07-02,11822,yes,Blazar," PKS_1348-289 z=1,034     "
SSS100615:210353-354620,315.97069,-35.77229,20100615,17.52,1006150351304109409,no,10940,no,2013-07-05,10940,yes,Blazar?, NVSS_J210353-354620      
SSS100615:200331-284941,300.88030,-28.82815,20100615,15.40,1006150291334140955,no,14095,no,2013-06-08,14095,yes,CV," SSS mag 18,8    "
SSS100613:094628-130816,146.61460,-13.13771,20100613,17.60,1006130130724111704,no,11170,no,2013-05-31,11170,yes,CV/SN, mag 20     
SSS100607:221150-110360,332.95816,-11.06663,20100607,18.98,1006070111634111815,no,11181,no,2013-04-17,11181,yes,SN?," mag 20,5     "
SSS100607:221543-092017,333.92730, -9.33812,20100607,18.14,1006070091654108150,yes,10815,no,2013-04-17,10815,yes,SN," 2010eg SDSS mag 20,2   "
SSS100604:122333-350645,185.88814,-35.11257,20100604,16.26,1006040350774119232,no,11923,no,2013-06-08,11923,yes,CV/SN, DSS mag 21    
SSS100521:222228-351129,335.61725,-35.19148,20100521,18.53,1005210351384114380,no,11438,no,2013-04-26,11438,yes,AGN, mag 20 SUMSS_J222228-351125    
SSS100521:233155-013055,352.97817, -1.51536,20100521,19.45,1005210011764104456,yes,10445,no,2013-07-20,10445,yes,CV?, SDSS mag 22    
SSS100518:154128-280450,235.36481,-28.08043,20100518,18.14,1005180271064105145,no,10514,no,2013-07-03,10514,yes,SN?, no DSS mag >21   
SSS100518:101009-053735,152.53651, -5.62632,20100518,14.97,1005180050764103907,no,10390,no,2013-06-03,10390,yes,CV, (spec) PQ mag 21   
SSS100518:093204-055338,143.01541, -5.89392,20100518,16.65,1005180050724101524,no,10152,no,2013-05-20,10152,yes,SN," 2010dp DSS mag 20,0   "
SSS100515:224057-070306,340.23704, -7.05178,20100515,17.73,1005150071694110062,yes,11006,no,2013-06-04,11006,yes,SN," 2010cz mag 16,4 2MASXi_J2240579 z=0,0413  "
SSS100514:195332-303613,298.38381,-30.60354,20100514,13.06,1005140311294149715,no,14971,no,2013-06-08,14971,yes,Mira, mag 16     
SSS100514:195555-303601,298.97988,-30.60023,20100514,18.82,1005140311294149159,no,14915,no,2013-06-08,14915,yes,CV," mag 20,5     "
SSS100514:193145-315614,292.93876,-31.93711,20100514,18.40,1005140311274114169,no,11416,no,2013-06-08,11416,yes,Var, mag 21     
SSS100514:123159-245035,187.99759,-24.84310,20100514,20.14,1005140250864120465,no,12046,no,2013-07-21,12046,yes,Var, mag 21     
SSS100513:153808-183802,234.53413,-18.63377,20100513,18.15,1005130191114136775,no,13677,no,2013-07-03,13677,yes,CV, mag 22     
SSS100512:143842-381512,219.67636,-38.25345,20100512,16.14,1005120370884102470,no,10247,no,2013-06-03,10247,yes,CV, mag 20     
SSS100512:141257-380211,213.23563,-38.03638,20100512,17.19,1005120370864109355,no,10935,no,2013-06-03,10935,yes,CV, mag 20     
SSS100512:162406-255834,246.02541,-25.97600,20100512,18.30,1005120251124109631,no,10963,no,2013-06-02,10963,yes,Var, mag 21     
SSS100512:150354-220710,225.97494,-22.11949,20100512,16.98,1005120211064101246,no,10124,no,2013-07-05,10124,yes,CV, mag 19 CSS_100216    
SSS100511:061754-362655, 94.47446,-36.44851,20100511,14.75,1005110370384122444,no,12244,no,2013-04-18,12244,yes,CV, mag 18     
SSS100511:100208-284015,150.53423,-28.67076,20100511,17.89,1005110290674127837,no,12783,no,2013-06-16,12783,yes,CV?, mag 20     
SSS100511:095859-282154,149.74414,-28.36493,20100511,17.13,1005110290664134048,no,13404,no,2013-05-10,13404,yes,CV," mag 19,8     "
SSS100510:064153-243844,100.47277,-24.64560,20100510,17.67,1005100250464147233,no,14723,no,2013-04-14,14723,yes,Flare, DSS mag >21    
SSS100509:070018-342030,105.07327,-34.34167,20100509,15.45,1005090350444159432,no,15943,no,2013-04-18,15943,yes,CV?," mag 19,5     "
SSS100509:145842-265834,224.67686,-26.97614,20100509,17.02,1005090271014130386,no,13038,no,2013-07-02,13038,yes,CV," mag >21,5     "
SSS100508:210144-143830,315.43377,-14.64180,20100508,16.42,1005080151534122262,no,12226,no,2013-05-08,12226,yes,SN," 2010cq 2MFGC_15924 mag 14,6 z=0,0275  "
SSS100507:144833-401052,222.13833,-40.18116,20100507,12.24,1005070390884107317,no,10731,no,2013-05-20,10731,yes,Var," SSS mag 12,4    "
SSS100505:094339-184143,145.91450,-18.69526,20100505,16.79,1005050190694120811,no,12081,no,2013-06-11,12081,yes,CV/SN, mag 21     
SSS100505:093417-174421,143.57164,-17.73920,20100505,18.47,1005050170694105460,no,10546,no,2013-06-11,10546,yes,Var/Unknown,       
SSS100504:153306-233535,233.27551,-23.59294,20100504,16.49,1005040231084113951,no,11395,no,2013-07-03,11395,yes,CV, mag >22     
SSS100504:144038-221409,220.15885,-22.23597,20100504,16.90,1005040231024133980,no,13398,no,2013-07-01,13398,yes,CV, CSS_090531      
SSS100504:163138-215821,247.91027,-21.97251,20100504,13.20,1005040211164106032,no,10603,no,2013-05-09,10603,yes,Mira, mag 13     
